brand,date,day_of_week,month,tiaoxiu,workday,year
1,1250,3,10,0,1,2016
2,1250,3,10,0,1,2016
3,1250,3,10,0,1,2016
4,1250,3,10,0,1,2016
5,1250,3,10,0,1,2016
6,1250,3,10,0,1,2016
7,1250,3,10,0,1,2016
8,1250,3,10,0,1,2016
9,1250,3,10,0,1,2016
10,1250,3,10,0,1,2016
1,1251,4,10,0,1,2016
2,1251,4,10,0,1,2016
3,1251,4,10,0,1,2016
4,1251,4,10,0,1,2016
5,1251,4,10,0,1,2016
6,1251,4,10,0,1,2016
7,1251,4,10,0,1,2016
8,1251,4,10,0,1,2016
9,1251,4,10,0,1,2016
10,1251,4,10,0,1,2016
1,1252,5,10,0,1,2016
2,1252,5,10,0,1,2016
3,1252,5,10,0,1,2016
4,1252,5,10,0,1,2016
5,1252,5,10,0,1,2016
6,1252,5,10,0,1,2016
7,1252,5,10,0,1,2016
8,1252,5,10,0,1,2016
9,1252,5,10,0,1,2016
10,1252,5,10,0,1,2016
1,1253,6,10,0,1,2016
2,1253,6,10,0,1,2016
3,1253,6,10,0,1,2016
4,1253,6,10,0,1,2016
5,1253,6,10,0,1,2016
6,1253,6,10,0,1,2016
7,1253,6,10,0,1,2016
8,1253,6,10,0,1,2016
9,1253,6,10,0,1,2016
10,1253,6,10,0,1,2016
4,1254,7,10,0,1,2016
1,1255,1,10,0,1,2016
2,1255,1,10,0,1,2016
3,1255,1,10,0,1,2016
4,1255,1,10,0,1,2016
5,1255,1,10,0,1,2016
6,1255,1,10,0,1,2016
7,1255,1,10,0,1,2016
8,1255,1,10,0,1,2016
9,1255,1,10,0,1,2016
10,1255,1,10,0,1,2016
1,1256,2,10,0,1,2016
2,1256,2,10,0,1,2016
3,1256,2,10,0,1,2016
4,1256,2,10,0,1,2016
5,1256,2,10,0,1,2016
6,1256,2,10,0,1,2016
7,1256,2,10,0,1,2016
8,1256,2,10,0,1,2016
9,1256,2,10,0,1,2016
10,1256,2,10,0,1,2016
1,1257,3,10,0,1,2016
2,1257,3,10,0,1,2016
3,1257,3,10,0,1,2016
4,1257,3,10,0,1,2016
5,1257,3,10,0,1,2016
6,1257,3,10,0,1,2016
7,1257,3,10,0,1,2016
8,1257,3,10,0,1,2016
9,1257,3,10,0,1,2016
10,1257,3,10,0,1,2016
1,1258,4,10,0,1,2016
2,1258,4,10,0,1,2016
3,1258,4,10,0,1,2016
4,1258,4,10,0,1,2016
5,1258,4,10,0,1,2016
6,1258,4,10,0,1,2016
7,1258,4,10,0,1,2016
8,1258,4,10,0,1,2016
9,1258,4,10,0,1,2016
10,1258,4,10,0,1,2016
1,1259,5,10,0,1,2016
2,1259,5,10,0,1,2016
3,1259,5,10,0,1,2016
4,1259,5,10,0,1,2016
5,1259,5,10,0,1,2016
6,1259,5,10,0,1,2016
7,1259,5,10,0,1,2016
8,1259,5,10,0,1,2016
9,1259,5,10,0,1,2016
10,1259,5,10,0,1,2016
1,1260,6,10,0,1,2016
2,1260,6,10,0,1,2016
3,1260,6,10,0,1,2016
4,1260,6,10,0,1,2016
5,1260,6,10,0,1,2016
6,1260,6,10,0,1,2016
7,1260,6,10,0,1,2016
8,1260,6,10,0,1,2016
9,1260,6,10,0,1,2016
10,1260,6,10,0,1,2016
1,1261,1,10,0,1,2016
2,1261,1,10,0,1,2016
3,1261,1,10,0,1,2016
4,1261,1,10,0,1,2016
5,1261,1,10,0,1,2016
6,1261,1,10,0,1,2016
7,1261,1,10,0,1,2016
8,1261,1,10,0,1,2016
9,1261,1,10,0,1,2016
10,1261,1,10,0,1,2016
1,1262,2,10,0,1,2016
2,1262,2,10,0,1,2016
3,1262,2,10,0,1,2016
4,1262,2,10,0,1,2016
5,1262,2,10,0,1,2016
6,1262,2,10,0,1,2016
7,1262,2,10,0,1,2016
8,1262,2,10,0,1,2016
9,1262,2,10,0,1,2016
10,1262,2,10,0,1,2016
1,1263,3,10,0,1,2016
2,1263,3,10,0,1,2016
3,1263,3,10,0,1,2016
4,1263,3,10,0,1,2016
5,1263,3,10,0,1,2016
6,1263,3,10,0,1,2016
7,1263,3,10,0,1,2016
8,1263,3,10,0,1,2016
9,1263,3,10,0,1,2016
10,1263,3,10,0,1,2016
1,1264,4,10,0,1,2016
2,1264,4,10,0,1,2016
3,1264,4,10,0,1,2016
4,1264,4,10,0,1,2016
5,1264,4,10,0,1,2016
6,1264,4,10,0,1,2016
7,1264,4,10,0,1,2016
8,1264,4,10,0,1,2016
9,1264,4,10,0,1,2016
10,1264,4,10,0,1,2016
1,1265,5,10,0,1,2016
2,1265,5,10,0,1,2016
3,1265,5,10,0,1,2016
4,1265,5,10,0,1,2016
5,1265,5,10,0,1,2016
6,1265,5,10,0,1,2016
7,1265,5,10,0,1,2016
8,1265,5,10,0,1,2016
9,1265,5,10,0,1,2016
10,1265,5,10,0,1,2016
1,1266,6,10,0,1,2016
2,1266,6,10,0,1,2016
3,1266,6,10,0,1,2016
4,1266,6,10,0,1,2016
5,1266,6,10,0,1,2016
6,1266,6,10,0,1,2016
7,1266,6,10,0,1,2016
8,1266,6,10,0,1,2016
9,1266,6,10,0,1,2016
10,1266,6,10,0,1,2016
6,1267,7,10,0,1,2016
9,1267,7,10,0,1,2016
1,1268,1,10,0,1,2016
2,1268,1,10,0,1,2016
3,1268,1,10,0,1,2016
4,1268,1,10,0,1,2016
5,1268,1,10,0,1,2016
6,1268,1,10,0,1,2016
7,1268,1,10,0,1,2016
8,1268,1,10,0,1,2016
9,1268,1,10,0,1,2016
10,1268,1,10,0,1,2016
1,1269,2,11,0,1,2016
2,1269,2,11,0,1,2016
3,1269,2,11,0,1,2016
4,1269,2,11,0,1,2016
5,1269,2,11,0,1,2016
6,1269,2,11,0,1,2016
7,1269,2,11,0,1,2016
8,1269,2,11,0,1,2016
9,1269,2,11,0,1,2016
10,1269,2,11,0,1,2016
1,1270,3,11,0,1,2016
2,1270,3,11,0,1,2016
3,1270,3,11,0,1,2016
4,1270,3,11,0,1,2016
5,1270,3,11,0,1,2016
6,1270,3,11,0,1,2016
7,1270,3,11,0,1,2016
8,1270,3,11,0,1,2016
9,1270,3,11,0,1,2016
10,1270,3,11,0,1,2016
1,1271,4,11,0,1,2016
2,1271,4,11,0,1,2016
3,1271,4,11,0,1,2016
4,1271,4,11,0,1,2016
5,1271,4,11,0,1,2016
6,1271,4,11,0,1,2016
7,1271,4,11,0,1,2016
8,1271,4,11,0,1,2016
9,1271,4,11,0,1,2016
10,1271,4,11,0,1,2016
1,1272,5,11,0,1,2016
2,1272,5,11,0,1,2016
3,1272,5,11,0,1,2016
4,1272,5,11,0,1,2016
5,1272,5,11,0,1,2016
6,1272,5,11,0,1,2016
7,1272,5,11,0,1,2016
8,1272,5,11,0,1,2016
9,1272,5,11,0,1,2016
10,1272,5,11,0,1,2016
1,1273,6,11,0,1,2016
2,1273,6,11,0,1,2016
3,1273,6,11,0,1,2016
4,1273,6,11,0,1,2016
5,1273,6,11,0,1,2016
6,1273,6,11,0,1,2016
7,1273,6,11,0,1,2016
8,1273,6,11,0,1,2016
9,1273,6,11,0,1,2016
10,1273,6,11,0,1,2016
1,1274,1,11,0,1,2016
2,1274,1,11,0,1,2016
3,1274,1,11,0,1,2016
4,1274,1,11,0,1,2016
5,1274,1,11,0,1,2016
6,1274,1,11,0,1,2016
7,1274,1,11,0,1,2016
8,1274,1,11,0,1,2016
9,1274,1,11,0,1,2016
10,1274,1,11,0,1,2016
1,1275,2,11,0,1,2016
2,1275,2,11,0,1,2016
3,1275,2,11,0,1,2016
4,1275,2,11,0,1,2016
5,1275,2,11,0,1,2016
6,1275,2,11,0,1,2016
7,1275,2,11,0,1,2016
8,1275,2,11,0,1,2016
9,1275,2,11,0,1,2016
10,1275,2,11,0,1,2016
1,1276,3,11,0,1,2016
2,1276,3,11,0,1,2016
3,1276,3,11,0,1,2016
4,1276,3,11,0,1,2016
5,1276,3,11,0,1,2016
6,1276,3,11,0,1,2016
7,1276,3,11,0,1,2016
8,1276,3,11,0,1,2016
9,1276,3,11,0,1,2016
10,1276,3,11,0,1,2016
1,1277,4,11,0,1,2016
2,1277,4,11,0,1,2016
3,1277,4,11,0,1,2016
4,1277,4,11,0,1,2016
5,1277,4,11,0,1,2016
6,1277,4,11,0,1,2016
7,1277,4,11,0,1,2016
8,1277,4,11,0,1,2016
9,1277,4,11,0,1,2016
10,1277,4,11,0,1,2016
1,1278,5,11,0,1,2016
2,1278,5,11,0,1,2016
3,1278,5,11,0,1,2016
4,1278,5,11,0,1,2016
5,1278,5,11,0,1,2016
6,1278,5,11,0,1,2016
7,1278,5,11,0,1,2016
8,1278,5,11,0,1,2016
9,1278,5,11,0,1,2016
10,1278,5,11,0,1,2016
2,1279,6,11,0,1,2016
3,1279,6,11,0,1,2016
4,1279,6,11,0,1,2016
5,1279,6,11,0,1,2016
6,1279,6,11,0,1,2016
7,1279,6,11,0,1,2016
8,1279,6,11,0,1,2016
9,1279,6,11,0,1,2016
1,1280,7,11,0,1,2016
1,1281,1,11,0,1,2016
2,1281,1,11,0,1,2016
3,1281,1,11,0,1,2016
4,1281,1,11,0,1,2016
5,1281,1,11,0,1,2016
6,1281,1,11,0,1,2016
7,1281,1,11,0,1,2016
8,1281,1,11,0,1,2016
9,1281,1,11,0,1,2016
10,1281,1,11,0,1,2016
1,1282,2,11,0,1,2016
2,1282,2,11,0,1,2016
3,1282,2,11,0,1,2016
4,1282,2,11,0,1,2016
5,1282,2,11,0,1,2016
6,1282,2,11,0,1,2016
7,1282,2,11,0,1,2016
8,1282,2,11,0,1,2016
9,1282,2,11,0,1,2016
10,1282,2,11,0,1,2016
1,1283,3,11,0,1,2016
2,1283,3,11,0,1,2016
3,1283,3,11,0,1,2016
4,1283,3,11,0,1,2016
5,1283,3,11,0,1,2016
6,1283,3,11,0,1,2016
7,1283,3,11,0,1,2016
8,1283,3,11,0,1,2016
9,1283,3,11,0,1,2016
10,1283,3,11,0,1,2016
1,1284,4,11,0,1,2016
2,1284,4,11,0,1,2016
3,1284,4,11,0,1,2016
4,1284,4,11,0,1,2016
5,1284,4,11,0,1,2016
6,1284,4,11,0,1,2016
7,1284,4,11,0,1,2016
8,1284,4,11,0,1,2016
9,1284,4,11,0,1,2016
10,1284,4,11,0,1,2016
1,1285,5,11,0,1,2016
2,1285,5,11,0,1,2016
3,1285,5,11,0,1,2016
4,1285,5,11,0,1,2016
5,1285,5,11,0,1,2016
6,1285,5,11,0,1,2016
7,1285,5,11,0,1,2016
8,1285,5,11,0,1,2016
9,1285,5,11,0,1,2016
10,1285,5,11,0,1,2016
1,1286,6,11,0,1,2016
2,1286,6,11,0,1,2016
4,1286,6,11,0,1,2016
5,1286,6,11,0,1,2016
6,1286,6,11,0,1,2016
7,1286,6,11,0,1,2016
8,1286,6,11,0,1,2016
9,1286,6,11,0,1,2016
10,1286,6,11,0,1,2016
9,1287,7,11,0,1,2016
1,1288,1,11,0,1,2016
2,1288,1,11,0,1,2016
3,1288,1,11,0,1,2016
4,1288,1,11,0,1,2016
5,1288,1,11,0,1,2016
6,1288,1,11,0,1,2016
7,1288,1,11,0,1,2016
8,1288,1,11,0,1,2016
9,1288,1,11,0,1,2016
10,1288,1,11,0,1,2016
1,1289,2,11,0,1,2016
2,1289,2,11,0,1,2016
3,1289,2,11,0,1,2016
4,1289,2,11,0,1,2016
5,1289,2,11,0,1,2016
6,1289,2,11,0,1,2016
7,1289,2,11,0,1,2016
8,1289,2,11,0,1,2016
9,1289,2,11,0,1,2016
10,1289,2,11,0,1,2016
1,1290,3,11,0,1,2016
2,1290,3,11,0,1,2016
3,1290,3,11,0,1,2016
4,1290,3,11,0,1,2016
5,1290,3,11,0,1,2016
6,1290,3,11,0,1,2016
7,1290,3,11,0,1,2016
8,1290,3,11,0,1,2016
9,1290,3,11,0,1,2016
10,1290,3,11,0,1,2016
1,1291,4,11,0,1,2016
2,1291,4,11,0,1,2016
3,1291,4,11,0,1,2016
4,1291,4,11,0,1,2016
5,1291,4,11,0,1,2016
6,1291,4,11,0,1,2016
7,1291,4,11,0,1,2016
8,1291,4,11,0,1,2016
9,1291,4,11,0,1,2016
10,1291,4,11,0,1,2016
1,1292,5,11,0,1,2016
2,1292,5,11,0,1,2016
3,1292,5,11,0,1,2016
4,1292,5,11,0,1,2016
5,1292,5,11,0,1,2016
6,1292,5,11,0,1,2016
7,1292,5,11,0,1,2016
8,1292,5,11,0,1,2016
9,1292,5,11,0,1,2016
10,1292,5,11,0,1,2016
3,1293,6,11,0,1,2016
4,1293,6,11,0,1,2016
5,1293,6,11,0,1,2016
6,1293,6,11,0,1,2016
7,1293,6,11,0,1,2016
8,1293,6,11,0,1,2016
9,1293,6,11,0,1,2016
10,1293,6,11,0,1,2016
1,1294,1,11,0,1,2016
2,1294,1,11,0,1,2016
3,1294,1,11,0,1,2016
4,1294,1,11,0,1,2016
5,1294,1,11,0,1,2016
6,1294,1,11,0,1,2016
7,1294,1,11,0,1,2016
8,1294,1,11,0,1,2016
9,1294,1,11,0,1,2016
10,1294,1,11,0,1,2016
1,1295,2,11,0,1,2016
2,1295,2,11,0,1,2016
3,1295,2,11,0,1,2016
4,1295,2,11,0,1,2016
5,1295,2,11,0,1,2016
6,1295,2,11,0,1,2016
7,1295,2,11,0,1,2016
8,1295,2,11,0,1,2016
9,1295,2,11,0,1,2016
10,1295,2,11,0,1,2016
1,1296,3,11,0,1,2016
2,1296,3,11,0,1,2016
3,1296,3,11,0,1,2016
4,1296,3,11,0,1,2016
5,1296,3,11,0,1,2016
6,1296,3,11,0,1,2016
7,1296,3,11,0,1,2016
8,1296,3,11,0,1,2016
9,1296,3,11,0,1,2016
10,1296,3,11,0,1,2016
1,1297,4,12,0,1,2016
2,1297,4,12,0,1,2016
3,1297,4,12,0,1,2016
4,1297,4,12,0,1,2016
5,1297,4,12,0,1,2016
6,1297,4,12,0,1,2016
7,1297,4,12,0,1,2016
8,1297,4,12,0,1,2016
9,1297,4,12,0,1,2016
10,1297,4,12,0,1,2016
1,1298,5,12,0,1,2016
2,1298,5,12,0,1,2016
3,1298,5,12,0,1,2016
4,1298,5,12,0,1,2016
5,1298,5,12,0,1,2016
6,1298,5,12,0,1,2016
7,1298,5,12,0,1,2016
8,1298,5,12,0,1,2016
9,1298,5,12,0,1,2016
10,1298,5,12,0,1,2016
1,1299,6,12,0,1,2016
2,1299,6,12,0,1,2016
3,1299,6,12,0,1,2016
4,1299,6,12,0,1,2016
5,1299,6,12,0,1,2016
6,1299,6,12,0,1,2016
7,1299,6,12,0,1,2016
8,1299,6,12,0,1,2016
9,1299,6,12,0,1,2016
10,1299,6,12,0,1,2016
1,1300,1,12,0,1,2016
2,1300,1,12,0,1,2016
3,1300,1,12,0,1,2016
4,1300,1,12,0,1,2016
5,1300,1,12,0,1,2016
6,1300,1,12,0,1,2016
7,1300,1,12,0,1,2016
8,1300,1,12,0,1,2016
9,1300,1,12,0,1,2016
10,1300,1,12,0,1,2016
1,1301,2,12,0,1,2016
2,1301,2,12,0,1,2016
3,1301,2,12,0,1,2016
4,1301,2,12,0,1,2016
5,1301,2,12,0,1,2016
6,1301,2,12,0,1,2016
7,1301,2,12,0,1,2016
8,1301,2,12,0,1,2016
9,1301,2,12,0,1,2016
10,1301,2,12,0,1,2016
1,1302,3,12,0,1,2016
2,1302,3,12,0,1,2016
3,1302,3,12,0,1,2016
4,1302,3,12,0,1,2016
5,1302,3,12,0,1,2016
6,1302,3,12,0,1,2016
7,1302,3,12,0,1,2016
8,1302,3,12,0,1,2016
9,1302,3,12,0,1,2016
10,1302,3,12,0,1,2016
1,1303,4,12,0,1,2016
2,1303,4,12,0,1,2016
3,1303,4,12,0,1,2016
4,1303,4,12,0,1,2016
5,1303,4,12,0,1,2016
6,1303,4,12,0,1,2016
7,1303,4,12,0,1,2016
8,1303,4,12,0,1,2016
9,1303,4,12,0,1,2016
10,1303,4,12,0,1,2016
1,1304,5,12,0,1,2016
2,1304,5,12,0,1,2016
3,1304,5,12,0,1,2016
4,1304,5,12,0,1,2016
5,1304,5,12,0,1,2016
6,1304,5,12,0,1,2016
7,1304,5,12,0,1,2016
8,1304,5,12,0,1,2016
9,1304,5,12,0,1,2016
10,1304,5,12,0,1,2016
1,1305,6,12,0,1,2016
2,1305,6,12,0,1,2016
3,1305,6,12,0,1,2016
4,1305,6,12,0,1,2016
5,1305,6,12,0,1,2016
6,1305,6,12,0,1,2016
7,1305,6,12,0,1,2016
8,1305,6,12,0,1,2016
9,1305,6,12,0,1,2016
10,1305,6,12,0,1,2016
6,1306,7,12,0,1,2016
1,1307,1,12,0,1,2016
2,1307,1,12,0,1,2016
3,1307,1,12,0,1,2016
4,1307,1,12,0,1,2016
5,1307,1,12,0,1,2016
6,1307,1,12,0,1,2016
7,1307,1,12,0,1,2016
8,1307,1,12,0,1,2016
9,1307,1,12,0,1,2016
10,1307,1,12,0,1,2016
1,1308,2,12,0,1,2016
2,1308,2,12,0,1,2016
3,1308,2,12,0,1,2016
4,1308,2,12,0,1,2016
5,1308,2,12,0,1,2016
6,1308,2,12,0,1,2016
7,1308,2,12,0,1,2016
8,1308,2,12,0,1,2016
9,1308,2,12,0,1,2016
10,1308,2,12,0,1,2016
1,1309,3,12,0,1,2016
2,1309,3,12,0,1,2016
3,1309,3,12,0,1,2016
4,1309,3,12,0,1,2016
5,1309,3,12,0,1,2016
6,1309,3,12,0,1,2016
7,1309,3,12,0,1,2016
8,1309,3,12,0,1,2016
9,1309,3,12,0,1,2016
10,1309,3,12,0,1,2016
1,1310,4,12,0,1,2016
2,1310,4,12,0,1,2016
3,1310,4,12,0,1,2016
4,1310,4,12,0,1,2016
5,1310,4,12,0,1,2016
6,1310,4,12,0,1,2016
7,1310,4,12,0,1,2016
8,1310,4,12,0,1,2016
9,1310,4,12,0,1,2016
10,1310,4,12,0,1,2016
1,1311,5,12,0,1,2016
2,1311,5,12,0,1,2016
3,1311,5,12,0,1,2016
4,1311,5,12,0,1,2016
5,1311,5,12,0,1,2016
6,1311,5,12,0,1,2016
7,1311,5,12,0,1,2016
8,1311,5,12,0,1,2016
9,1311,5,12,0,1,2016
10,1311,5,12,0,1,2016
1,1312,6,12,0,1,2016
2,1312,6,12,0,1,2016
3,1312,6,12,0,1,2016
4,1312,6,12,0,1,2016
5,1312,6,12,0,1,2016
6,1312,6,12,0,1,2016
7,1312,6,12,0,1,2016
8,1312,6,12,0,1,2016
9,1312,6,12,0,1,2016
10,1312,6,12,0,1,2016
1,1313,7,12,0,1,2016
1,1314,1,12,0,1,2016
2,1314,1,12,0,1,2016
3,1314,1,12,0,1,2016
4,1314,1,12,0,1,2016
5,1314,1,12,0,1,2016
6,1314,1,12,0,1,2016
7,1314,1,12,0,1,2016
8,1314,1,12,0,1,2016
9,1314,1,12,0,1,2016
10,1314,1,12,0,1,2016
1,1315,2,12,0,1,2016
2,1315,2,12,0,1,2016
3,1315,2,12,0,1,2016
4,1315,2,12,0,1,2016
5,1315,2,12,0,1,2016
6,1315,2,12,0,1,2016
7,1315,2,12,0,1,2016
8,1315,2,12,0,1,2016
9,1315,2,12,0,1,2016
10,1315,2,12,0,1,2016
1,1316,3,12,0,1,2016
2,1316,3,12,0,1,2016
3,1316,3,12,0,1,2016
4,1316,3,12,0,1,2016
5,1316,3,12,0,1,2016
6,1316,3,12,0,1,2016
7,1316,3,12,0,1,2016
8,1316,3,12,0,1,2016
9,1316,3,12,0,1,2016
10,1316,3,12,0,1,2016
1,1317,4,12,0,1,2016
2,1317,4,12,0,1,2016
3,1317,4,12,0,1,2016
4,1317,4,12,0,1,2016
5,1317,4,12,0,1,2016
6,1317,4,12,0,1,2016
7,1317,4,12,0,1,2016
8,1317,4,12,0,1,2016
9,1317,4,12,0,1,2016
10,1317,4,12,0,1,2016
1,1318,5,12,0,1,2016
2,1318,5,12,0,1,2016
3,1318,5,12,0,1,2016
4,1318,5,12,0,1,2016
5,1318,5,12,0,1,2016
6,1318,5,12,0,1,2016
7,1318,5,12,0,1,2016
8,1318,5,12,0,1,2016
9,1318,5,12,0,1,2016
10,1318,5,12,0,1,2016
1,1319,6,12,0,1,2016
2,1319,6,12,0,1,2016
3,1319,6,12,0,1,2016
4,1319,6,12,0,1,2016
5,1319,6,12,0,1,2016
6,1319,6,12,0,1,2016
7,1319,6,12,0,1,2016
8,1319,6,12,0,1,2016
9,1319,6,12,0,1,2016
10,1319,6,12,0,1,2016
9,1320,7,12,0,1,2016
1,1321,1,12,0,1,2016
2,1321,1,12,0,1,2016
3,1321,1,12,0,1,2016
4,1321,1,12,0,1,2016
5,1321,1,12,0,1,2016
6,1321,1,12,0,1,2016
7,1321,1,12,0,1,2016
8,1321,1,12,0,1,2016
9,1321,1,12,0,1,2016
10,1321,1,12,0,1,2016
1,1322,2,12,0,1,2016
2,1322,2,12,0,1,2016
3,1322,2,12,0,1,2016
4,1322,2,12,0,1,2016
5,1322,2,12,0,1,2016
6,1322,2,12,0,1,2016
7,1322,2,12,0,1,2016
8,1322,2,12,0,1,2016
9,1322,2,12,0,1,2016
10,1322,2,12,0,1,2016
1,1323,3,12,0,1,2016
2,1323,3,12,0,1,2016
3,1323,3,12,0,1,2016
4,1323,3,12,0,1,2016
5,1323,3,12,0,1,2016
6,1323,3,12,0,1,2016
7,1323,3,12,0,1,2016
8,1323,3,12,0,1,2016
9,1323,3,12,0,1,2016
10,1323,3,12,0,1,2016
1,1324,4,12,0,1,2016
2,1324,4,12,0,1,2016
3,1324,4,12,0,1,2016
4,1324,4,12,0,1,2016
5,1324,4,12,0,1,2016
6,1324,4,12,0,1,2016
7,1324,4,12,0,1,2016
8,1324,4,12,0,1,2016
9,1324,4,12,0,1,2016
10,1324,4,12,0,1,2016
1,1325,5,12,0,1,2016
2,1325,5,12,0,1,2016
3,1325,5,12,0,1,2016
4,1325,5,12,0,1,2016
5,1325,5,12,0,1,2016
6,1325,5,12,0,1,2016
7,1325,5,12,0,1,2016
8,1325,5,12,0,1,2016
9,1325,5,12,0,1,2016
10,1325,5,12,0,1,2016
6,1326,6,12,0,0,2016
9,1326,6,12,0,0,2016
4,1327,7,1,0,0,2017
6,1327,7,1,0,0,2017
9,1327,7,1,0,0,2017
1,1328,1,1,0,0,2017
4,1328,1,1,0,0,2017
5,1328,1,1,0,0,2017
6,1328,1,1,0,0,2017
8,1328,1,1,0,0,2017
9,1328,1,1,0,0,2017
1,1329,2,1,0,1,2017
2,1329,2,1,0,1,2017
3,1329,2,1,0,1,2017
4,1329,2,1,0,1,2017
5,1329,2,1,0,1,2017
6,1329,2,1,0,1,2017
7,1329,2,1,0,1,2017
8,1329,2,1,0,1,2017
9,1329,2,1,0,1,2017
10,1329,2,1,0,1,2017
1,1330,3,1,0,1,2017
2,1330,3,1,0,1,2017
3,1330,3,1,0,1,2017
4,1330,3,1,0,1,2017
5,1330,3,1,0,1,2017
6,1330,3,1,0,1,2017
7,1330,3,1,0,1,2017
8,1330,3,1,0,1,2017
9,1330,3,1,0,1,2017
10,1330,3,1,0,1,2017
1,1331,4,1,0,1,2017
2,1331,4,1,0,1,2017
3,1331,4,1,0,1,2017
4,1331,4,1,0,1,2017
5,1331,4,1,0,1,2017
6,1331,4,1,0,1,2017
7,1331,4,1,0,1,2017
8,1331,4,1,0,1,2017
9,1331,4,1,0,1,2017
10,1331,4,1,0,1,2017
1,1332,5,1,0,1,2017
2,1332,5,1,0,1,2017
3,1332,5,1,0,1,2017
4,1332,5,1,0,1,2017
5,1332,5,1,0,1,2017
6,1332,5,1,0,1,2017
7,1332,5,1,0,1,2017
8,1332,5,1,0,1,2017
9,1332,5,1,0,1,2017
10,1332,5,1,0,1,2017
1,1333,6,1,0,1,2017
2,1333,6,1,0,1,2017
3,1333,6,1,0,1,2017
4,1333,6,1,0,1,2017
5,1333,6,1,0,1,2017
6,1333,6,1,0,1,2017
7,1333,6,1,0,1,2017
8,1333,6,1,0,1,2017
9,1333,6,1,0,1,2017
10,1333,6,1,0,1,2017
1,1334,1,1,0,1,2017
2,1334,1,1,0,1,2017
3,1334,1,1,0,1,2017
4,1334,1,1,0,1,2017
5,1334,1,1,0,1,2017
6,1334,1,1,0,1,2017
7,1334,1,1,0,1,2017
8,1334,1,1,0,1,2017
9,1334,1,1,0,1,2017
10,1334,1,1,0,1,2017
1,1335,2,1,0,1,2017
2,1335,2,1,0,1,2017
3,1335,2,1,0,1,2017
4,1335,2,1,0,1,2017
5,1335,2,1,0,1,2017
6,1335,2,1,0,1,2017
7,1335,2,1,0,1,2017
8,1335,2,1,0,1,2017
9,1335,2,1,0,1,2017
10,1335,2,1,0,1,2017
1,1336,3,1,0,1,2017
2,1336,3,1,0,1,2017
3,1336,3,1,0,1,2017
4,1336,3,1,0,1,2017
5,1336,3,1,0,1,2017
6,1336,3,1,0,1,2017
7,1336,3,1,0,1,2017
8,1336,3,1,0,1,2017
9,1336,3,1,0,1,2017
10,1336,3,1,0,1,2017
1,1337,4,1,0,1,2017
2,1337,4,1,0,1,2017
3,1337,4,1,0,1,2017
4,1337,4,1,0,1,2017
5,1337,4,1,0,1,2017
6,1337,4,1,0,1,2017
7,1337,4,1,0,1,2017
8,1337,4,1,0,1,2017
9,1337,4,1,0,1,2017
10,1337,4,1,0,1,2017
1,1338,5,1,0,1,2017
2,1338,5,1,0,1,2017
3,1338,5,1,0,1,2017
4,1338,5,1,0,1,2017
5,1338,5,1,0,1,2017
6,1338,5,1,0,1,2017
7,1338,5,1,0,1,2017
8,1338,5,1,0,1,2017
9,1338,5,1,0,1,2017
10,1338,5,1,0,1,2017
1,1339,6,1,0,1,2017
2,1339,6,1,0,1,2017
3,1339,6,1,0,1,2017
4,1339,6,1,0,1,2017
5,1339,6,1,0,1,2017
6,1339,6,1,0,1,2017
7,1339,6,1,0,1,2017
8,1339,6,1,0,1,2017
9,1339,6,1,0,1,2017
5,1340,7,1,0,1,2017
6,1340,7,1,0,1,2017
9,1340,7,1,0,1,2017
1,1341,1,1,0,1,2017
2,1341,1,1,0,1,2017
3,1341,1,1,0,1,2017
4,1341,1,1,0,1,2017
5,1341,1,1,0,1,2017
6,1341,1,1,0,1,2017
7,1341,1,1,0,1,2017
8,1341,1,1,0,1,2017
9,1341,1,1,0,1,2017
10,1341,1,1,0,1,2017
1,1342,2,1,0,1,2017
2,1342,2,1,0,1,2017
3,1342,2,1,0,1,2017
4,1342,2,1,0,1,2017
5,1342,2,1,0,1,2017
6,1342,2,1,0,1,2017
7,1342,2,1,0,1,2017
8,1342,2,1,0,1,2017
9,1342,2,1,0,1,2017
10,1342,2,1,0,1,2017
1,1343,3,1,0,1,2017
2,1343,3,1,0,1,2017
3,1343,3,1,0,1,2017
4,1343,3,1,0,1,2017
5,1343,3,1,0,1,2017
6,1343,3,1,0,1,2017
7,1343,3,1,0,1,2017
8,1343,3,1,0,1,2017
9,1343,3,1,0,1,2017
10,1343,3,1,0,1,2017
1,1344,4,1,0,1,2017
2,1344,4,1,0,1,2017
3,1344,4,1,0,1,2017
4,1344,4,1,0,1,2017
5,1344,4,1,0,1,2017
6,1344,4,1,0,1,2017
7,1344,4,1,0,1,2017
8,1344,4,1,0,1,2017
9,1344,4,1,0,1,2017
10,1344,4,1,0,1,2017
1,1345,5,1,0,1,2017
2,1345,5,1,0,1,2017
3,1345,5,1,0,1,2017
4,1345,5,1,0,1,2017
5,1345,5,1,0,1,2017
6,1345,5,1,0,1,2017
7,1345,5,1,0,1,2017
8,1345,5,1,0,1,2017
9,1345,5,1,0,1,2017
10,1345,5,1,0,1,2017
1,1346,6,1,0,1,2017
2,1346,6,1,0,1,2017
3,1346,6,1,0,1,2017
4,1346,6,1,0,1,2017
5,1346,6,1,0,1,2017
6,1346,6,1,0,1,2017
7,1346,6,1,0,1,2017
8,1346,6,1,0,1,2017
9,1346,6,1,0,1,2017
10,1346,6,1,0,1,2017
1,1347,7,1,1,1,2017
2,1347,7,1,1,1,2017
3,1347,7,1,1,1,2017
4,1347,7,1,1,1,2017
5,1347,7,1,1,1,2017
6,1347,7,1,1,1,2017
7,1347,7,1,1,1,2017
8,1347,7,1,1,1,2017
9,1347,7,1,1,1,2017
10,1347,7,1,1,1,2017
1,1348,1,1,0,1,2017
2,1348,1,1,0,1,2017
3,1348,1,1,0,1,2017
4,1348,1,1,0,1,2017
5,1348,1,1,0,1,2017
6,1348,1,1,0,1,2017
7,1348,1,1,0,1,2017
8,1348,1,1,0,1,2017
9,1348,1,1,0,1,2017
10,1348,1,1,0,1,2017
1,1349,2,1,0,1,2017
2,1349,2,1,0,1,2017
3,1349,2,1,0,1,2017
4,1349,2,1,0,1,2017
5,1349,2,1,0,1,2017
6,1349,2,1,0,1,2017
7,1349,2,1,0,1,2017
8,1349,2,1,0,1,2017
9,1349,2,1,0,1,2017
10,1349,2,1,0,1,2017
1,1350,3,1,0,1,2017
2,1350,3,1,0,1,2017
3,1350,3,1,0,1,2017
4,1350,3,1,0,1,2017
5,1350,3,1,0,1,2017
6,1350,3,1,0,1,2017
7,1350,3,1,0,1,2017
8,1350,3,1,0,1,2017
9,1350,3,1,0,1,2017
10,1350,3,1,0,1,2017
1,1351,4,1,0,1,2017
2,1351,4,1,0,1,2017
3,1351,4,1,0,1,2017
4,1351,4,1,0,1,2017
5,1351,4,1,0,1,2017
6,1351,4,1,0,1,2017
7,1351,4,1,0,1,2017
8,1351,4,1,0,1,2017
9,1351,4,1,0,1,2017
10,1351,4,1,0,1,2017
2,1352,4,2,0,0,2017
8,1352,4,2,0,0,2017
9,1352,4,2,0,0,2017
10,1352,4,2,0,0,2017
1,1353,5,2,0,1,2017
2,1353,5,2,0,1,2017
3,1353,5,2,0,1,2017
4,1353,5,2,0,1,2017
5,1353,5,2,0,1,2017
6,1353,5,2,0,1,2017
7,1353,5,2,0,1,2017
8,1353,5,2,0,1,2017
9,1353,5,2,0,1,2017
10,1353,5,2,0,1,2017
1,1354,6,2,1,1,2017
2,1354,6,2,1,1,2017
3,1354,6,2,1,1,2017
4,1354,6,2,1,1,2017
5,1354,6,2,1,1,2017
6,1354,6,2,1,1,2017
7,1354,6,2,1,1,2017
8,1354,6,2,1,1,2017
9,1354,6,2,1,1,2017
10,1354,6,2,1,1,2017
5,1355,7,2,0,1,2017
8,1355,7,2,0,1,2017
9,1355,7,2,0,1,2017
1,1356,1,2,0,1,2017
2,1356,1,2,0,1,2017
3,1356,1,2,0,1,2017
4,1356,1,2,0,1,2017
5,1356,1,2,0,1,2017
6,1356,1,2,0,1,2017
7,1356,1,2,0,1,2017
8,1356,1,2,0,1,2017
9,1356,1,2,0,1,2017
10,1356,1,2,0,1,2017
1,1357,2,2,0,1,2017
2,1357,2,2,0,1,2017
3,1357,2,2,0,1,2017
4,1357,2,2,0,1,2017
5,1357,2,2,0,1,2017
6,1357,2,2,0,1,2017
7,1357,2,2,0,1,2017
8,1357,2,2,0,1,2017
9,1357,2,2,0,1,2017
10,1357,2,2,0,1,2017
1,1358,3,2,0,1,2017
2,1358,3,2,0,1,2017
3,1358,3,2,0,1,2017
4,1358,3,2,0,1,2017
5,1358,3,2,0,1,2017
6,1358,3,2,0,1,2017
7,1358,3,2,0,1,2017
8,1358,3,2,0,1,2017
9,1358,3,2,0,1,2017
10,1358,3,2,0,1,2017
1,1359,4,2,0,1,2017
2,1359,4,2,0,1,2017
3,1359,4,2,0,1,2017
4,1359,4,2,0,1,2017
5,1359,4,2,0,1,2017
6,1359,4,2,0,1,2017
7,1359,4,2,0,1,2017
8,1359,4,2,0,1,2017
9,1359,4,2,0,1,2017
10,1359,4,2,0,1,2017
1,1360,5,2,0,1,2017
2,1360,5,2,0,1,2017
3,1360,5,2,0,1,2017
4,1360,5,2,0,1,2017
5,1360,5,2,0,1,2017
6,1360,5,2,0,1,2017
7,1360,5,2,0,1,2017
8,1360,5,2,0,1,2017
9,1360,5,2,0,1,2017
10,1360,5,2,0,1,2017
1,1361,6,2,0,1,2017
2,1361,6,2,0,1,2017
3,1361,6,2,0,1,2017
4,1361,6,2,0,1,2017
5,1361,6,2,0,1,2017
6,1361,6,2,0,1,2017
7,1361,6,2,0,1,2017
8,1361,6,2,0,1,2017
9,1361,6,2,0,1,2017
10,1361,6,2,0,1,2017
6,1362,7,2,0,1,2017
1,1363,1,2,0,1,2017
2,1363,1,2,0,1,2017
3,1363,1,2,0,1,2017
4,1363,1,2,0,1,2017
5,1363,1,2,0,1,2017
6,1363,1,2,0,1,2017
7,1363,1,2,0,1,2017
8,1363,1,2,0,1,2017
9,1363,1,2,0,1,2017
10,1363,1,2,0,1,2017
1,1364,2,2,0,1,2017
2,1364,2,2,0,1,2017
3,1364,2,2,0,1,2017
4,1364,2,2,0,1,2017
5,1364,2,2,0,1,2017
6,1364,2,2,0,1,2017
7,1364,2,2,0,1,2017
8,1364,2,2,0,1,2017
9,1364,2,2,0,1,2017
10,1364,2,2,0,1,2017
1,1365,3,2,0,1,2017
2,1365,3,2,0,1,2017
3,1365,3,2,0,1,2017
4,1365,3,2,0,1,2017
5,1365,3,2,0,1,2017
6,1365,3,2,0,1,2017
7,1365,3,2,0,1,2017
8,1365,3,2,0,1,2017
9,1365,3,2,0,1,2017
10,1365,3,2,0,1,2017
1,1366,4,2,0,1,2017
2,1366,4,2,0,1,2017
3,1366,4,2,0,1,2017
4,1366,4,2,0,1,2017
5,1366,4,2,0,1,2017
6,1366,4,2,0,1,2017
7,1366,4,2,0,1,2017
8,1366,4,2,0,1,2017
9,1366,4,2,0,1,2017
10,1366,4,2,0,1,2017
1,1367,5,2,0,1,2017
2,1367,5,2,0,1,2017
3,1367,5,2,0,1,2017
4,1367,5,2,0,1,2017
5,1367,5,2,0,1,2017
6,1367,5,2,0,1,2017
7,1367,5,2,0,1,2017
8,1367,5,2,0,1,2017
9,1367,5,2,0,1,2017
10,1367,5,2,0,1,2017
1,1368,6,2,0,1,2017
2,1368,6,2,0,1,2017
3,1368,6,2,0,1,2017
4,1368,6,2,0,1,2017
5,1368,6,2,0,1,2017
6,1368,6,2,0,1,2017
7,1368,6,2,0,1,2017
8,1368,6,2,0,1,2017
9,1368,6,2,0,1,2017
10,1368,6,2,0,1,2017
5,1369,7,2,0,1,2017
6,1369,7,2,0,1,2017
1,1370,1,2,0,1,2017
2,1370,1,2,0,1,2017
3,1370,1,2,0,1,2017
4,1370,1,2,0,1,2017
5,1370,1,2,0,1,2017
6,1370,1,2,0,1,2017
7,1370,1,2,0,1,2017
8,1370,1,2,0,1,2017
9,1370,1,2,0,1,2017
10,1370,1,2,0,1,2017
1,1371,2,2,0,1,2017
2,1371,2,2,0,1,2017
3,1371,2,2,0,1,2017
4,1371,2,2,0,1,2017
5,1371,2,2,0,1,2017
6,1371,2,2,0,1,2017
7,1371,2,2,0,1,2017
8,1371,2,2,0,1,2017
9,1371,2,2,0,1,2017
10,1371,2,2,0,1,2017
1,1372,3,2,0,1,2017
2,1372,3,2,0,1,2017
3,1372,3,2,0,1,2017
4,1372,3,2,0,1,2017
5,1372,3,2,0,1,2017
6,1372,3,2,0,1,2017
7,1372,3,2,0,1,2017
8,1372,3,2,0,1,2017
9,1372,3,2,0,1,2017
10,1372,3,2,0,1,2017
1,1373,4,2,0,1,2017
2,1373,4,2,0,1,2017
3,1373,4,2,0,1,2017
4,1373,4,2,0,1,2017
5,1373,4,2,0,1,2017
6,1373,4,2,0,1,2017
7,1373,4,2,0,1,2017
8,1373,4,2,0,1,2017
9,1373,4,2,0,1,2017
10,1373,4,2,0,1,2017
1,1374,5,2,0,1,2017
2,1374,5,2,0,1,2017
3,1374,5,2,0,1,2017
4,1374,5,2,0,1,2017
5,1374,5,2,0,1,2017
6,1374,5,2,0,1,2017
7,1374,5,2,0,1,2017
8,1374,5,2,0,1,2017
9,1374,5,2,0,1,2017
10,1374,5,2,0,1,2017
1,1375,6,2,0,1,2017
2,1375,6,2,0,1,2017
3,1375,6,2,0,1,2017
4,1375,6,2,0,1,2017
5,1375,6,2,0,1,2017
6,1375,6,2,0,1,2017
7,1375,6,2,0,1,2017
8,1375,6,2,0,1,2017
9,1375,6,2,0,1,2017
10,1375,6,2,0,1,2017
9,1376,7,2,0,1,2017
1,1377,1,2,0,1,2017
2,1377,1,2,0,1,2017
3,1377,1,2,0,1,2017
4,1377,1,2,0,1,2017
5,1377,1,2,0,1,2017
6,1377,1,2,0,1,2017
7,1377,1,2,0,1,2017
8,1377,1,2,0,1,2017
9,1377,1,2,0,1,2017
10,1377,1,2,0,1,2017
1,1378,2,2,0,1,2017
2,1378,2,2,0,1,2017
3,1378,2,2,0,1,2017
4,1378,2,2,0,1,2017
5,1378,2,2,0,1,2017
6,1378,2,2,0,1,2017
7,1378,2,2,0,1,2017
8,1378,2,2,0,1,2017
9,1378,2,2,0,1,2017
10,1378,2,2,0,1,2017
1,1379,3,3,0,1,2017
2,1379,3,3,0,1,2017
3,1379,3,3,0,1,2017
4,1379,3,3,0,1,2017
5,1379,3,3,0,1,2017
6,1379,3,3,0,1,2017
7,1379,3,3,0,1,2017
8,1379,3,3,0,1,2017
9,1379,3,3,0,1,2017
10,1379,3,3,0,1,2017
1,1380,4,3,0,1,2017
2,1380,4,3,0,1,2017
3,1380,4,3,0,1,2017
4,1380,4,3,0,1,2017
5,1380,4,3,0,1,2017
6,1380,4,3,0,1,2017
7,1380,4,3,0,1,2017
8,1380,4,3,0,1,2017
9,1380,4,3,0,1,2017
10,1380,4,3,0,1,2017
1,1381,5,3,0,1,2017
2,1381,5,3,0,1,2017
3,1381,5,3,0,1,2017
4,1381,5,3,0,1,2017
5,1381,5,3,0,1,2017
6,1381,5,3,0,1,2017
7,1381,5,3,0,1,2017
8,1381,5,3,0,1,2017
9,1381,5,3,0,1,2017
10,1381,5,3,0,1,2017
1,1382,6,3,0,1,2017
2,1382,6,3,0,1,2017
3,1382,6,3,0,1,2017
4,1382,6,3,0,1,2017
5,1382,6,3,0,1,2017
6,1382,6,3,0,1,2017
7,1382,6,3,0,1,2017
8,1382,6,3,0,1,2017
9,1382,6,3,0,1,2017
1,1383,7,3,0,1,2017
2,1383,7,3,0,1,2017
6,1383,7,3,0,1,2017
1,1384,1,3,0,1,2017
2,1384,1,3,0,1,2017
3,1384,1,3,0,1,2017
4,1384,1,3,0,1,2017
5,1384,1,3,0,1,2017
6,1384,1,3,0,1,2017
7,1384,1,3,0,1,2017
8,1384,1,3,0,1,2017
9,1384,1,3,0,1,2017
10,1384,1,3,0,1,2017
1,1385,2,3,0,1,2017
2,1385,2,3,0,1,2017
3,1385,2,3,0,1,2017
4,1385,2,3,0,1,2017
5,1385,2,3,0,1,2017
6,1385,2,3,0,1,2017
7,1385,2,3,0,1,2017
8,1385,2,3,0,1,2017
9,1385,2,3,0,1,2017
10,1385,2,3,0,1,2017
1,1386,3,3,0,1,2017
2,1386,3,3,0,1,2017
3,1386,3,3,0,1,2017
4,1386,3,3,0,1,2017
5,1386,3,3,0,1,2017
6,1386,3,3,0,1,2017
7,1386,3,3,0,1,2017
8,1386,3,3,0,1,2017
9,1386,3,3,0,1,2017
10,1386,3,3,0,1,2017
1,1387,4,3,0,1,2017
2,1387,4,3,0,1,2017
3,1387,4,3,0,1,2017
4,1387,4,3,0,1,2017
5,1387,4,3,0,1,2017
6,1387,4,3,0,1,2017
7,1387,4,3,0,1,2017
8,1387,4,3,0,1,2017
9,1387,4,3,0,1,2017
10,1387,4,3,0,1,2017
1,1388,5,3,0,1,2017
2,1388,5,3,0,1,2017
3,1388,5,3,0,1,2017
4,1388,5,3,0,1,2017
5,1388,5,3,0,1,2017
6,1388,5,3,0,1,2017
7,1388,5,3,0,1,2017
8,1388,5,3,0,1,2017
9,1388,5,3,0,1,2017
10,1388,5,3,0,1,2017
1,1389,6,3,0,1,2017
2,1389,6,3,0,1,2017
3,1389,6,3,0,1,2017
4,1389,6,3,0,1,2017
5,1389,6,3,0,1,2017
6,1389,6,3,0,1,2017
7,1389,6,3,0,1,2017
8,1389,6,3,0,1,2017
9,1389,6,3,0,1,2017
10,1389,6,3,0,1,2017
1,1390,1,3,0,1,2017
2,1390,1,3,0,1,2017
3,1390,1,3,0,1,2017
4,1390,1,3,0,1,2017
5,1390,1,3,0,1,2017
6,1390,1,3,0,1,2017
7,1390,1,3,0,1,2017
8,1390,1,3,0,1,2017
9,1390,1,3,0,1,2017
10,1390,1,3,0,1,2017
1,1391,2,3,0,1,2017
2,1391,2,3,0,1,2017
3,1391,2,3,0,1,2017
4,1391,2,3,0,1,2017
5,1391,2,3,0,1,2017
6,1391,2,3,0,1,2017
7,1391,2,3,0,1,2017
8,1391,2,3,0,1,2017
9,1391,2,3,0,1,2017
10,1391,2,3,0,1,2017
1,1392,3,3,0,1,2017
2,1392,3,3,0,1,2017
3,1392,3,3,0,1,2017
4,1392,3,3,0,1,2017
5,1392,3,3,0,1,2017
6,1392,3,3,0,1,2017
7,1392,3,3,0,1,2017
8,1392,3,3,0,1,2017
9,1392,3,3,0,1,2017
10,1392,3,3,0,1,2017
1,1393,4,3,0,1,2017
2,1393,4,3,0,1,2017
3,1393,4,3,0,1,2017
4,1393,4,3,0,1,2017
5,1393,4,3,0,1,2017
6,1393,4,3,0,1,2017
7,1393,4,3,0,1,2017
8,1393,4,3,0,1,2017
9,1393,4,3,0,1,2017
10,1393,4,3,0,1,2017
1,1394,5,3,0,1,2017
2,1394,5,3,0,1,2017
3,1394,5,3,0,1,2017
4,1394,5,3,0,1,2017
5,1394,5,3,0,1,2017
6,1394,5,3,0,1,2017
7,1394,5,3,0,1,2017
8,1394,5,3,0,1,2017
9,1394,5,3,0,1,2017
10,1394,5,3,0,1,2017
1,1395,6,3,0,1,2017
2,1395,6,3,0,1,2017
3,1395,6,3,0,1,2017
4,1395,6,3,0,1,2017
5,1395,6,3,0,1,2017
6,1395,6,3,0,1,2017
7,1395,6,3,0,1,2017
8,1395,6,3,0,1,2017
9,1395,6,3,0,1,2017
10,1395,6,3,0,1,2017
4,1396,7,3,0,1,2017
6,1396,7,3,0,1,2017
1,1397,1,3,0,1,2017
2,1397,1,3,0,1,2017
3,1397,1,3,0,1,2017
4,1397,1,3,0,1,2017
5,1397,1,3,0,1,2017
6,1397,1,3,0,1,2017
7,1397,1,3,0,1,2017
8,1397,1,3,0,1,2017
9,1397,1,3,0,1,2017
10,1397,1,3,0,1,2017
1,1398,2,3,0,1,2017
2,1398,2,3,0,1,2017
3,1398,2,3,0,1,2017
4,1398,2,3,0,1,2017
5,1398,2,3,0,1,2017
6,1398,2,3,0,1,2017
7,1398,2,3,0,1,2017
8,1398,2,3,0,1,2017
9,1398,2,3,0,1,2017
10,1398,2,3,0,1,2017
1,1399,3,3,0,1,2017
2,1399,3,3,0,1,2017
3,1399,3,3,0,1,2017
4,1399,3,3,0,1,2017
5,1399,3,3,0,1,2017
6,1399,3,3,0,1,2017
7,1399,3,3,0,1,2017
8,1399,3,3,0,1,2017
9,1399,3,3,0,1,2017
10,1399,3,3,0,1,2017
1,1400,4,3,0,1,2017
2,1400,4,3,0,1,2017
3,1400,4,3,0,1,2017
4,1400,4,3,0,1,2017
5,1400,4,3,0,1,2017
6,1400,4,3,0,1,2017
7,1400,4,3,0,1,2017
8,1400,4,3,0,1,2017
9,1400,4,3,0,1,2017
10,1400,4,3,0,1,2017
1,1401,5,3,0,1,2017
2,1401,5,3,0,1,2017
3,1401,5,3,0,1,2017
4,1401,5,3,0,1,2017
5,1401,5,3,0,1,2017
6,1401,5,3,0,1,2017
7,1401,5,3,0,1,2017
8,1401,5,3,0,1,2017
9,1401,5,3,0,1,2017
10,1401,5,3,0,1,2017
1,1402,6,3,0,1,2017
3,1402,6,3,0,1,2017
4,1402,6,3,0,1,2017
5,1402,6,3,0,1,2017
6,1402,6,3,0,1,2017
7,1402,6,3,0,1,2017
8,1402,6,3,0,1,2017
9,1402,6,3,0,1,2017
10,1402,6,3,0,1,2017
1,1403,1,3,0,1,2017
2,1403,1,3,0,1,2017
3,1403,1,3,0,1,2017
4,1403,1,3,0,1,2017
5,1403,1,3,0,1,2017
6,1403,1,3,0,1,2017
7,1403,1,3,0,1,2017
8,1403,1,3,0,1,2017
9,1403,1,3,0,1,2017
10,1403,1,3,0,1,2017
1,1404,2,3,0,1,2017
2,1404,2,3,0,1,2017
3,1404,2,3,0,1,2017
4,1404,2,3,0,1,2017
5,1404,2,3,0,1,2017
6,1404,2,3,0,1,2017
7,1404,2,3,0,1,2017
8,1404,2,3,0,1,2017
9,1404,2,3,0,1,2017
10,1404,2,3,0,1,2017
1,1405,3,3,0,1,2017
2,1405,3,3,0,1,2017
3,1405,3,3,0,1,2017
4,1405,3,3,0,1,2017
5,1405,3,3,0,1,2017
6,1405,3,3,0,1,2017
7,1405,3,3,0,1,2017
8,1405,3,3,0,1,2017
9,1405,3,3,0,1,2017
10,1405,3,3,0,1,2017
1,1406,4,3,0,1,2017
2,1406,4,3,0,1,2017
3,1406,4,3,0,1,2017
4,1406,4,3,0,1,2017
5,1406,4,3,0,1,2017
6,1406,4,3,0,1,2017
7,1406,4,3,0,1,2017
8,1406,4,3,0,1,2017
9,1406,4,3,0,1,2017
10,1406,4,3,0,1,2017
1,1407,5,3,0,1,2017
2,1407,5,3,0,1,2017
3,1407,5,3,0,1,2017
4,1407,5,3,0,1,2017
5,1407,5,3,0,1,2017
6,1407,5,3,0,1,2017
7,1407,5,3,0,1,2017
8,1407,5,3,0,1,2017
9,1407,5,3,0,1,2017
10,1407,5,3,0,1,2017
1,1408,6,4,1,1,2017
2,1408,6,4,1,1,2017
3,1408,6,4,1,1,2017
4,1408,6,4,1,1,2017
5,1408,6,4,1,1,2017
6,1408,6,4,1,1,2017
7,1408,6,4,1,1,2017
8,1408,6,4,1,1,2017
9,1408,6,4,1,1,2017
10,1408,6,4,1,1,2017
6,1409,7,4,0,0,2017
8,1409,7,4,0,0,2017
9,1409,7,4,0,0,2017
10,1409,7,4,0,0,2017
9,1410,1,4,0,0,2017
1,1411,3,4,0,1,2017
2,1411,3,4,0,1,2017
3,1411,3,4,0,1,2017
4,1411,3,4,0,1,2017
5,1411,3,4,0,1,2017
6,1411,3,4,0,1,2017
7,1411,3,4,0,1,2017
8,1411,3,4,0,1,2017
9,1411,3,4,0,1,2017
10,1411,3,4,0,1,2017
1,1412,4,4,0,1,2017
2,1412,4,4,0,1,2017
3,1412,4,4,0,1,2017
4,1412,4,4,0,1,2017
5,1412,4,4,0,1,2017
6,1412,4,4,0,1,2017
7,1412,4,4,0,1,2017
8,1412,4,4,0,1,2017
9,1412,4,4,0,1,2017
10,1412,4,4,0,1,2017
1,1413,5,4,0,1,2017
2,1413,5,4,0,1,2017
3,1413,5,4,0,1,2017
4,1413,5,4,0,1,2017
5,1413,5,4,0,1,2017
6,1413,5,4,0,1,2017
7,1413,5,4,0,1,2017
8,1413,5,4,0,1,2017
9,1413,5,4,0,1,2017
10,1413,5,4,0,1,2017
1,1414,6,4,0,1,2017
2,1414,6,4,0,1,2017
3,1414,6,4,0,1,2017
5,1414,6,4,0,1,2017
6,1414,6,4,0,1,2017
7,1414,6,4,0,1,2017
8,1414,6,4,0,1,2017
9,1414,6,4,0,1,2017
10,1414,6,4,0,1,2017
3,1415,7,4,0,1,2017
6,1415,7,4,0,1,2017
9,1415,7,4,0,1,2017
1,1416,1,4,0,1,2017
2,1416,1,4,0,1,2017
3,1416,1,4,0,1,2017
4,1416,1,4,0,1,2017
5,1416,1,4,0,1,2017
6,1416,1,4,0,1,2017
7,1416,1,4,0,1,2017
8,1416,1,4,0,1,2017
9,1416,1,4,0,1,2017
10,1416,1,4,0,1,2017
1,1417,2,4,0,1,2017
2,1417,2,4,0,1,2017
3,1417,2,4,0,1,2017
4,1417,2,4,0,1,2017
5,1417,2,4,0,1,2017
6,1417,2,4,0,1,2017
7,1417,2,4,0,1,2017
8,1417,2,4,0,1,2017
9,1417,2,4,0,1,2017
10,1417,2,4,0,1,2017
1,1418,3,4,0,1,2017
2,1418,3,4,0,1,2017
3,1418,3,4,0,1,2017
4,1418,3,4,0,1,2017
5,1418,3,4,0,1,2017
6,1418,3,4,0,1,2017
7,1418,3,4,0,1,2017
8,1418,3,4,0,1,2017
9,1418,3,4,0,1,2017
10,1418,3,4,0,1,2017
1,1419,4,4,0,1,2017
2,1419,4,4,0,1,2017
3,1419,4,4,0,1,2017
4,1419,4,4,0,1,2017
5,1419,4,4,0,1,2017
6,1419,4,4,0,1,2017
7,1419,4,4,0,1,2017
8,1419,4,4,0,1,2017
9,1419,4,4,0,1,2017
10,1419,4,4,0,1,2017
1,1420,5,4,0,1,2017
2,1420,5,4,0,1,2017
3,1420,5,4,0,1,2017
4,1420,5,4,0,1,2017
5,1420,5,4,0,1,2017
6,1420,5,4,0,1,2017
7,1420,5,4,0,1,2017
8,1420,5,4,0,1,2017
9,1420,5,4,0,1,2017
10,1420,5,4,0,1,2017
1,1421,6,4,0,1,2017
2,1421,6,4,0,1,2017
3,1421,6,4,0,1,2017
4,1421,6,4,0,1,2017
5,1421,6,4,0,1,2017
6,1421,6,4,0,1,2017
7,1421,6,4,0,1,2017
8,1421,6,4,0,1,2017
9,1421,6,4,0,1,2017
10,1421,6,4,0,1,2017
1,1422,1,4,0,1,2017
2,1422,1,4,0,1,2017
3,1422,1,4,0,1,2017
4,1422,1,4,0,1,2017
5,1422,1,4,0,1,2017
6,1422,1,4,0,1,2017
7,1422,1,4,0,1,2017
8,1422,1,4,0,1,2017
9,1422,1,4,0,1,2017
10,1422,1,4,0,1,2017
1,1423,2,4,0,1,2017
2,1423,2,4,0,1,2017
3,1423,2,4,0,1,2017
4,1423,2,4,0,1,2017
5,1423,2,4,0,1,2017
6,1423,2,4,0,1,2017
7,1423,2,4,0,1,2017
8,1423,2,4,0,1,2017
9,1423,2,4,0,1,2017
10,1423,2,4,0,1,2017
1,1424,3,4,0,1,2017
2,1424,3,4,0,1,2017
3,1424,3,4,0,1,2017
4,1424,3,4,0,1,2017
5,1424,3,4,0,1,2017
6,1424,3,4,0,1,2017
7,1424,3,4,0,1,2017
8,1424,3,4,0,1,2017
9,1424,3,4,0,1,2017
10,1424,3,4,0,1,2017
1,1425,4,4,0,1,2017
2,1425,4,4,0,1,2017
3,1425,4,4,0,1,2017
4,1425,4,4,0,1,2017
5,1425,4,4,0,1,2017
6,1425,4,4,0,1,2017
7,1425,4,4,0,1,2017
8,1425,4,4,0,1,2017
9,1425,4,4,0,1,2017
10,1425,4,4,0,1,2017
1,1426,5,4,0,1,2017
2,1426,5,4,0,1,2017
3,1426,5,4,0,1,2017
4,1426,5,4,0,1,2017
5,1426,5,4,0,1,2017
6,1426,5,4,0,1,2017
7,1426,5,4,0,1,2017
8,1426,5,4,0,1,2017
9,1426,5,4,0,1,2017
10,1426,5,4,0,1,2017
2,1427,6,4,0,1,2017
3,1427,6,4,0,1,2017
4,1427,6,4,0,1,2017
6,1427,6,4,0,1,2017
8,1427,6,4,0,1,2017
9,1427,6,4,0,1,2017
10,1427,6,4,0,1,2017
1,1428,7,4,0,1,2017
2,1428,7,4,0,1,2017
4,1428,7,4,0,1,2017
9,1428,7,4,0,1,2017
10,1428,7,4,0,1,2017
1,1429,1,4,0,1,2017
2,1429,1,4,0,1,2017
3,1429,1,4,0,1,2017
4,1429,1,4,0,1,2017
5,1429,1,4,0,1,2017
6,1429,1,4,0,1,2017
7,1429,1,4,0,1,2017
8,1429,1,4,0,1,2017
9,1429,1,4,0,1,2017
10,1429,1,4,0,1,2017
1,1430,2,4,0,1,2017
2,1430,2,4,0,1,2017
3,1430,2,4,0,1,2017
4,1430,2,4,0,1,2017
5,1430,2,4,0,1,2017
6,1430,2,4,0,1,2017
7,1430,2,4,0,1,2017
8,1430,2,4,0,1,2017
9,1430,2,4,0,1,2017
10,1430,2,4,0,1,2017
1,1431,3,4,0,1,2017
2,1431,3,4,0,1,2017
3,1431,3,4,0,1,2017
4,1431,3,4,0,1,2017
5,1431,3,4,0,1,2017
6,1431,3,4,0,1,2017
7,1431,3,4,0,1,2017
8,1431,3,4,0,1,2017
9,1431,3,4,0,1,2017
10,1431,3,4,0,1,2017
1,1432,4,4,0,1,2017
2,1432,4,4,0,1,2017
3,1432,4,4,0,1,2017
4,1432,4,4,0,1,2017
5,1432,4,4,0,1,2017
6,1432,4,4,0,1,2017
7,1432,4,4,0,1,2017
8,1432,4,4,0,1,2017
9,1432,4,4,0,1,2017
10,1432,4,4,0,1,2017
1,1433,5,4,0,1,2017
2,1433,5,4,0,1,2017
3,1433,5,4,0,1,2017
4,1433,5,4,0,1,2017
5,1433,5,4,0,1,2017
6,1433,5,4,0,1,2017
7,1433,5,4,0,1,2017
8,1433,5,4,0,1,2017
9,1433,5,4,0,1,2017
10,1433,5,4,0,1,2017
1,1434,6,4,0,0,2017
3,1434,6,4,0,0,2017
4,1434,6,4,0,0,2017
5,1434,6,4,0,0,2017
6,1434,6,4,0,0,2017
7,1434,6,4,0,0,2017
8,1434,6,4,0,0,2017
9,1434,6,4,0,0,2017
10,1434,6,4,0,0,2017
4,1435,7,4,0,0,2017
3,1436,1,5,0,0,2017
4,1436,1,5,0,0,2017
6,1436,1,5,0,0,2017
7,1436,1,5,0,0,2017
9,1436,1,5,0,0,2017
10,1436,1,5,0,0,2017
1,1437,2,5,0,1,2017
2,1437,2,5,0,1,2017
3,1437,2,5,0,1,2017
4,1437,2,5,0,1,2017
5,1437,2,5,0,1,2017
6,1437,2,5,0,1,2017
7,1437,2,5,0,1,2017
8,1437,2,5,0,1,2017
9,1437,2,5,0,1,2017
10,1437,2,5,0,1,2017
1,1438,3,5,0,1,2017
2,1438,3,5,0,1,2017
3,1438,3,5,0,1,2017
4,1438,3,5,0,1,2017
5,1438,3,5,0,1,2017
6,1438,3,5,0,1,2017
7,1438,3,5,0,1,2017
8,1438,3,5,0,1,2017
9,1438,3,5,0,1,2017
10,1438,3,5,0,1,2017
1,1439,4,5,0,1,2017
2,1439,4,5,0,1,2017
3,1439,4,5,0,1,2017
4,1439,4,5,0,1,2017
5,1439,4,5,0,1,2017
6,1439,4,5,0,1,2017
7,1439,4,5,0,1,2017
8,1439,4,5,0,1,2017
9,1439,4,5,0,1,2017
10,1439,4,5,0,1,2017
1,1440,5,5,0,1,2017
2,1440,5,5,0,1,2017
3,1440,5,5,0,1,2017
4,1440,5,5,0,1,2017
5,1440,5,5,0,1,2017
6,1440,5,5,0,1,2017
7,1440,5,5,0,1,2017
8,1440,5,5,0,1,2017
9,1440,5,5,0,1,2017
10,1440,5,5,0,1,2017
1,1441,6,5,0,1,2017
2,1441,6,5,0,1,2017
3,1441,6,5,0,1,2017
4,1441,6,5,0,1,2017
5,1441,6,5,0,1,2017
6,1441,6,5,0,1,2017
7,1441,6,5,0,1,2017
8,1441,6,5,0,1,2017
9,1441,6,5,0,1,2017
10,1441,6,5,0,1,2017
6,1442,7,5,0,1,2017
8,1442,7,5,0,1,2017
9,1442,7,5,0,1,2017
1,1443,1,5,0,1,2017
2,1443,1,5,0,1,2017
3,1443,1,5,0,1,2017
4,1443,1,5,0,1,2017
5,1443,1,5,0,1,2017
6,1443,1,5,0,1,2017
7,1443,1,5,0,1,2017
8,1443,1,5,0,1,2017
9,1443,1,5,0,1,2017
10,1443,1,5,0,1,2017
1,1444,2,5,0,1,2017
2,1444,2,5,0,1,2017
3,1444,2,5,0,1,2017
4,1444,2,5,0,1,2017
5,1444,2,5,0,1,2017
6,1444,2,5,0,1,2017
7,1444,2,5,0,1,2017
8,1444,2,5,0,1,2017
9,1444,2,5,0,1,2017
10,1444,2,5,0,1,2017
1,1445,3,5,0,1,2017
2,1445,3,5,0,1,2017
3,1445,3,5,0,1,2017
4,1445,3,5,0,1,2017
5,1445,3,5,0,1,2017
6,1445,3,5,0,1,2017
7,1445,3,5,0,1,2017
8,1445,3,5,0,1,2017
9,1445,3,5,0,1,2017
10,1445,3,5,0,1,2017
1,1446,4,5,0,1,2017
2,1446,4,5,0,1,2017
3,1446,4,5,0,1,2017
4,1446,4,5,0,1,2017
5,1446,4,5,0,1,2017
6,1446,4,5,0,1,2017
7,1446,4,5,0,1,2017
8,1446,4,5,0,1,2017
9,1446,4,5,0,1,2017
10,1446,4,5,0,1,2017
1,1447,5,5,0,1,2017
2,1447,5,5,0,1,2017
3,1447,5,5,0,1,2017
4,1447,5,5,0,1,2017
5,1447,5,5,0,1,2017
6,1447,5,5,0,1,2017
7,1447,5,5,0,1,2017
8,1447,5,5,0,1,2017
9,1447,5,5,0,1,2017
10,1447,5,5,0,1,2017
2,1448,6,5,0,1,2017
3,1448,6,5,0,1,2017
4,1448,6,5,0,1,2017
5,1448,6,5,0,1,2017
6,1448,6,5,0,1,2017
7,1448,6,5,0,1,2017
8,1448,6,5,0,1,2017
9,1448,6,5,0,1,2017
10,1448,6,5,0,1,2017
10,1449,1,5,0,1,2017
1,1450,2,5,0,1,2017
2,1450,2,5,0,1,2017
3,1450,2,5,0,1,2017
4,1450,2,5,0,1,2017
5,1450,2,5,0,1,2017
6,1450,2,5,0,1,2017
7,1450,2,5,0,1,2017
8,1450,2,5,0,1,2017
9,1450,2,5,0,1,2017
10,1450,2,5,0,1,2017
1,1451,3,5,0,1,2017
2,1451,3,5,0,1,2017
3,1451,3,5,0,1,2017
4,1451,3,5,0,1,2017
5,1451,3,5,0,1,2017
6,1451,3,5,0,1,2017
7,1451,3,5,0,1,2017
8,1451,3,5,0,1,2017
9,1451,3,5,0,1,2017
10,1451,3,5,0,1,2017
1,1452,4,5,0,1,2017
2,1452,4,5,0,1,2017
3,1452,4,5,0,1,2017
4,1452,4,5,0,1,2017
5,1452,4,5,0,1,2017
6,1452,4,5,0,1,2017
7,1452,4,5,0,1,2017
8,1452,4,5,0,1,2017
9,1452,4,5,0,1,2017
10,1452,4,5,0,1,2017
1,1453,5,5,0,1,2017
2,1453,5,5,0,1,2017
3,1453,5,5,0,1,2017
4,1453,5,5,0,1,2017
5,1453,5,5,0,1,2017
6,1453,5,5,0,1,2017
7,1453,5,5,0,1,2017
8,1453,5,5,0,1,2017
9,1453,5,5,0,1,2017
10,1453,5,5,0,1,2017
2,1454,6,5,0,1,2017
3,1454,6,5,0,1,2017
4,1454,6,5,0,1,2017
5,1454,6,5,0,1,2017
6,1454,6,5,0,1,2017
7,1454,6,5,0,1,2017
8,1454,6,5,0,1,2017
9,1454,6,5,0,1,2017
10,1454,6,5,0,1,2017
1,1455,7,5,0,1,2017
6,1455,7,5,0,1,2017
9,1455,7,5,0,1,2017
1,1456,1,5,0,1,2017
2,1456,1,5,0,1,2017
3,1456,1,5,0,1,2017
4,1456,1,5,0,1,2017
5,1456,1,5,0,1,2017
6,1456,1,5,0,1,2017
7,1456,1,5,0,1,2017
8,1456,1,5,0,1,2017
9,1456,1,5,0,1,2017
10,1456,1,5,0,1,2017
1,1457,2,5,0,1,2017
2,1457,2,5,0,1,2017
3,1457,2,5,0,1,2017
4,1457,2,5,0,1,2017
5,1457,2,5,0,1,2017
6,1457,2,5,0,1,2017
7,1457,2,5,0,1,2017
8,1457,2,5,0,1,2017
9,1457,2,5,0,1,2017
10,1457,2,5,0,1,2017
1,1458,3,5,0,1,2017
2,1458,3,5,0,1,2017
3,1458,3,5,0,1,2017
4,1458,3,5,0,1,2017
5,1458,3,5,0,1,2017
6,1458,3,5,0,1,2017
7,1458,3,5,0,1,2017
8,1458,3,5,0,1,2017
9,1458,3,5,0,1,2017
10,1458,3,5,0,1,2017
1,1459,4,5,0,1,2017
2,1459,4,5,0,1,2017
3,1459,4,5,0,1,2017
4,1459,4,5,0,1,2017
5,1459,4,5,0,1,2017
6,1459,4,5,0,1,2017
7,1459,4,5,0,1,2017
8,1459,4,5,0,1,2017
9,1459,4,5,0,1,2017
10,1459,4,5,0,1,2017
1,1460,5,5,0,1,2017
2,1460,5,5,0,1,2017
3,1460,5,5,0,1,2017
4,1460,5,5,0,1,2017
5,1460,5,5,0,1,2017
6,1460,5,5,0,1,2017
7,1460,5,5,0,1,2017
8,1460,5,5,0,1,2017
9,1460,5,5,0,1,2017
10,1460,5,5,0,1,2017
1,1461,6,5,1,1,2017
2,1461,6,5,1,1,2017
3,1461,6,5,1,1,2017
4,1461,6,5,1,1,2017
5,1461,6,5,1,1,2017
6,1461,6,5,1,1,2017
7,1461,6,5,1,1,2017
8,1461,6,5,1,1,2017
9,1461,6,5,1,1,2017
10,1461,6,5,1,1,2017
1,1462,7,5,0,0,2017
2,1462,7,5,0,0,2017
4,1462,7,5,0,0,2017
5,1462,7,5,0,0,2017
6,1462,7,5,0,0,2017
9,1462,7,5,0,0,2017
10,1462,7,5,0,0,2017
6,1463,1,5,0,0,2017
1,1464,2,5,0,0,2017
3,1464,2,5,0,0,2017
4,1464,2,5,0,0,2017
6,1464,2,5,0,0,2017
7,1464,2,5,0,0,2017
9,1464,2,5,0,0,2017
10,1464,2,5,0,0,2017
1,1465,3,5,0,1,2017
2,1465,3,5,0,1,2017
3,1465,3,5,0,1,2017
4,1465,3,5,0,1,2017
5,1465,3,5,0,1,2017
6,1465,3,5,0,1,2017
7,1465,3,5,0,1,2017
8,1465,3,5,0,1,2017
9,1465,3,5,0,1,2017
10,1465,3,5,0,1,2017
1,1466,4,6,0,1,2017
2,1466,4,6,0,1,2017
3,1466,4,6,0,1,2017
4,1466,4,6,0,1,2017
5,1466,4,6,0,1,2017
6,1466,4,6,0,1,2017
7,1466,4,6,0,1,2017
8,1466,4,6,0,1,2017
9,1466,4,6,0,1,2017
10,1466,4,6,0,1,2017
1,1467,5,6,0,1,2017
2,1467,5,6,0,1,2017
3,1467,5,6,0,1,2017
4,1467,5,6,0,1,2017
5,1467,5,6,0,1,2017
6,1467,5,6,0,1,2017
7,1467,5,6,0,1,2017
8,1467,5,6,0,1,2017
9,1467,5,6,0,1,2017
10,1467,5,6,0,1,2017
1,1468,6,6,0,1,2017
2,1468,6,6,0,1,2017
3,1468,6,6,0,1,2017
4,1468,6,6,0,1,2017
5,1468,6,6,0,1,2017
6,1468,6,6,0,1,2017
7,1468,6,6,0,1,2017
8,1468,6,6,0,1,2017
9,1468,6,6,0,1,2017
10,1468,6,6,0,1,2017
1,1469,1,6,0,1,2017
2,1469,1,6,0,1,2017
3,1469,1,6,0,1,2017
4,1469,1,6,0,1,2017
5,1469,1,6,0,1,2017
6,1469,1,6,0,1,2017
7,1469,1,6,0,1,2017
8,1469,1,6,0,1,2017
9,1469,1,6,0,1,2017
10,1469,1,6,0,1,2017
1,1470,2,6,0,1,2017
2,1470,2,6,0,1,2017
3,1470,2,6,0,1,2017
4,1470,2,6,0,1,2017
5,1470,2,6,0,1,2017
6,1470,2,6,0,1,2017
7,1470,2,6,0,1,2017
8,1470,2,6,0,1,2017
9,1470,2,6,0,1,2017
10,1470,2,6,0,1,2017
1,1471,3,6,0,1,2017
2,1471,3,6,0,1,2017
3,1471,3,6,0,1,2017
4,1471,3,6,0,1,2017
5,1471,3,6,0,1,2017
6,1471,3,6,0,1,2017
7,1471,3,6,0,1,2017
8,1471,3,6,0,1,2017
9,1471,3,6,0,1,2017
10,1471,3,6,0,1,2017
1,1472,4,6,0,1,2017
2,1472,4,6,0,1,2017
3,1472,4,6,0,1,2017
4,1472,4,6,0,1,2017
5,1472,4,6,0,1,2017
6,1472,4,6,0,1,2017
7,1472,4,6,0,1,2017
8,1472,4,6,0,1,2017
9,1472,4,6,0,1,2017
10,1472,4,6,0,1,2017
1,1473,5,6,0,1,2017
2,1473,5,6,0,1,2017
3,1473,5,6,0,1,2017
4,1473,5,6,0,1,2017
5,1473,5,6,0,1,2017
6,1473,5,6,0,1,2017
7,1473,5,6,0,1,2017
8,1473,5,6,0,1,2017
9,1473,5,6,0,1,2017
10,1473,5,6,0,1,2017
1,1474,6,6,0,1,2017
2,1474,6,6,0,1,2017
3,1474,6,6,0,1,2017
4,1474,6,6,0,1,2017
5,1474,6,6,0,1,2017
6,1474,6,6,0,1,2017
7,1474,6,6,0,1,2017
8,1474,6,6,0,1,2017
9,1474,6,6,0,1,2017
10,1474,6,6,0,1,2017
3,1475,7,6,0,1,2017
6,1475,7,6,0,1,2017
9,1475,7,6,0,1,2017
10,1475,7,6,0,1,2017
1,1476,1,6,0,1,2017
2,1476,1,6,0,1,2017
3,1476,1,6,0,1,2017
4,1476,1,6,0,1,2017
5,1476,1,6,0,1,2017
6,1476,1,6,0,1,2017
7,1476,1,6,0,1,2017
8,1476,1,6,0,1,2017
9,1476,1,6,0,1,2017
10,1476,1,6,0,1,2017
1,1477,2,6,0,1,2017
2,1477,2,6,0,1,2017
3,1477,2,6,0,1,2017
4,1477,2,6,0,1,2017
5,1477,2,6,0,1,2017
6,1477,2,6,0,1,2017
7,1477,2,6,0,1,2017
8,1477,2,6,0,1,2017
9,1477,2,6,0,1,2017
10,1477,2,6,0,1,2017
1,1478,3,6,0,1,2017
2,1478,3,6,0,1,2017
3,1478,3,6,0,1,2017
4,1478,3,6,0,1,2017
5,1478,3,6,0,1,2017
6,1478,3,6,0,1,2017
7,1478,3,6,0,1,2017
8,1478,3,6,0,1,2017
9,1478,3,6,0,1,2017
10,1478,3,6,0,1,2017
1,1479,4,6,0,1,2017
2,1479,4,6,0,1,2017
3,1479,4,6,0,1,2017
4,1479,4,6,0,1,2017
5,1479,4,6,0,1,2017
6,1479,4,6,0,1,2017
7,1479,4,6,0,1,2017
8,1479,4,6,0,1,2017
9,1479,4,6,0,1,2017
10,1479,4,6,0,1,2017
1,1480,5,6,0,1,2017
2,1480,5,6,0,1,2017
3,1480,5,6,0,1,2017
4,1480,5,6,0,1,2017
5,1480,5,6,0,1,2017
6,1480,5,6,0,1,2017
7,1480,5,6,0,1,2017
8,1480,5,6,0,1,2017
9,1480,5,6,0,1,2017
10,1480,5,6,0,1,2017
1,1481,6,6,0,1,2017
2,1481,6,6,0,1,2017
3,1481,6,6,0,1,2017
4,1481,6,6,0,1,2017
5,1481,6,6,0,1,2017
6,1481,6,6,0,1,2017
7,1481,6,6,0,1,2017
8,1481,6,6,0,1,2017
9,1481,6,6,0,1,2017
10,1481,6,6,0,1,2017
1,1482,7,6,0,1,2017
2,1482,7,6,0,1,2017
4,1482,7,6,0,1,2017
8,1482,7,6,0,1,2017
9,1482,7,6,0,1,2017
1,1483,1,6,0,1,2017
2,1483,1,6,0,1,2017
3,1483,1,6,0,1,2017
4,1483,1,6,0,1,2017
5,1483,1,6,0,1,2017
6,1483,1,6,0,1,2017
7,1483,1,6,0,1,2017
8,1483,1,6,0,1,2017
9,1483,1,6,0,1,2017
10,1483,1,6,0,1,2017
1,1484,2,6,0,1,2017
2,1484,2,6,0,1,2017
3,1484,2,6,0,1,2017
4,1484,2,6,0,1,2017
5,1484,2,6,0,1,2017
6,1484,2,6,0,1,2017
7,1484,2,6,0,1,2017
8,1484,2,6,0,1,2017
9,1484,2,6,0,1,2017
10,1484,2,6,0,1,2017
1,1485,3,6,0,1,2017
2,1485,3,6,0,1,2017
3,1485,3,6,0,1,2017
4,1485,3,6,0,1,2017
5,1485,3,6,0,1,2017
6,1485,3,6,0,1,2017
7,1485,3,6,0,1,2017
8,1485,3,6,0,1,2017
9,1485,3,6,0,1,2017
10,1485,3,6,0,1,2017
1,1486,4,6,0,1,2017
2,1486,4,6,0,1,2017
3,1486,4,6,0,1,2017
4,1486,4,6,0,1,2017
5,1486,4,6,0,1,2017
6,1486,4,6,0,1,2017
7,1486,4,6,0,1,2017
8,1486,4,6,0,1,2017
9,1486,4,6,0,1,2017
10,1486,4,6,0,1,2017
1,1487,5,6,0,1,2017
2,1487,5,6,0,1,2017
3,1487,5,6,0,1,2017
4,1487,5,6,0,1,2017
5,1487,5,6,0,1,2017
6,1487,5,6,0,1,2017
7,1487,5,6,0,1,2017
8,1487,5,6,0,1,2017
9,1487,5,6,0,1,2017
10,1487,5,6,0,1,2017
1,1488,6,6,0,1,2017
2,1488,6,6,0,1,2017
3,1488,6,6,0,1,2017
4,1488,6,6,0,1,2017
5,1488,6,6,0,1,2017
6,1488,6,6,0,1,2017
7,1488,6,6,0,1,2017
8,1488,6,6,0,1,2017
9,1488,6,6,0,1,2017
10,1488,6,6,0,1,2017
4,1489,7,6,0,1,2017
6,1489,7,6,0,1,2017
7,1489,7,6,0,1,2017
9,1489,7,6,0,1,2017
10,1489,7,6,0,1,2017
1,1490,1,6,0,1,2017
2,1490,1,6,0,1,2017
3,1490,1,6,0,1,2017
4,1490,1,6,0,1,2017
5,1490,1,6,0,1,2017
6,1490,1,6,0,1,2017
7,1490,1,6,0,1,2017
8,1490,1,6,0,1,2017
9,1490,1,6,0,1,2017
10,1490,1,6,0,1,2017
1,1491,2,6,0,1,2017
2,1491,2,6,0,1,2017
3,1491,2,6,0,1,2017
4,1491,2,6,0,1,2017
5,1491,2,6,0,1,2017
6,1491,2,6,0,1,2017
7,1491,2,6,0,1,2017
8,1491,2,6,0,1,2017
9,1491,2,6,0,1,2017
10,1491,2,6,0,1,2017
1,1492,3,6,0,1,2017
2,1492,3,6,0,1,2017
3,1492,3,6,0,1,2017
4,1492,3,6,0,1,2017
5,1492,3,6,0,1,2017
6,1492,3,6,0,1,2017
7,1492,3,6,0,1,2017
8,1492,3,6,0,1,2017
9,1492,3,6,0,1,2017
10,1492,3,6,0,1,2017
1,1493,4,6,0,1,2017
2,1493,4,6,0,1,2017
3,1493,4,6,0,1,2017
4,1493,4,6,0,1,2017
5,1493,4,6,0,1,2017
6,1493,4,6,0,1,2017
7,1493,4,6,0,1,2017
8,1493,4,6,0,1,2017
9,1493,4,6,0,1,2017
10,1493,4,6,0,1,2017
1,1494,5,6,0,1,2017
2,1494,5,6,0,1,2017
3,1494,5,6,0,1,2017
4,1494,5,6,0,1,2017
5,1494,5,6,0,1,2017
6,1494,5,6,0,1,2017
7,1494,5,6,0,1,2017
8,1494,5,6,0,1,2017
9,1494,5,6,0,1,2017
10,1494,5,6,0,1,2017
1,1495,6,7,0,1,2017
2,1495,6,7,0,1,2017
3,1495,6,7,0,1,2017
4,1495,6,7,0,1,2017
5,1495,6,7,0,1,2017
6,1495,6,7,0,1,2017
7,1495,6,7,0,1,2017
8,1495,6,7,0,1,2017
9,1495,6,7,0,1,2017
10,1495,6,7,0,1,2017
4,1496,7,7,0,1,2017
9,1496,7,7,0,1,2017
10,1496,7,7,0,1,2017
1,1497,1,7,0,1,2017
2,1497,1,7,0,1,2017
3,1497,1,7,0,1,2017
4,1497,1,7,0,1,2017
5,1497,1,7,0,1,2017
6,1497,1,7,0,1,2017
7,1497,1,7,0,1,2017
8,1497,1,7,0,1,2017
9,1497,1,7,0,1,2017
10,1497,1,7,0,1,2017
1,1498,2,7,0,1,2017
2,1498,2,7,0,1,2017
3,1498,2,7,0,1,2017
4,1498,2,7,0,1,2017
5,1498,2,7,0,1,2017
6,1498,2,7,0,1,2017
7,1498,2,7,0,1,2017
8,1498,2,7,0,1,2017
9,1498,2,7,0,1,2017
10,1498,2,7,0,1,2017
1,1499,3,7,0,1,2017
2,1499,3,7,0,1,2017
3,1499,3,7,0,1,2017
4,1499,3,7,0,1,2017
5,1499,3,7,0,1,2017
6,1499,3,7,0,1,2017
7,1499,3,7,0,1,2017
8,1499,3,7,0,1,2017
9,1499,3,7,0,1,2017
10,1499,3,7,0,1,2017
1,1500,4,7,0,1,2017
2,1500,4,7,0,1,2017
3,1500,4,7,0,1,2017
4,1500,4,7,0,1,2017
5,1500,4,7,0,1,2017
6,1500,4,7,0,1,2017
7,1500,4,7,0,1,2017
8,1500,4,7,0,1,2017
9,1500,4,7,0,1,2017
10,1500,4,7,0,1,2017
1,1501,5,7,0,1,2017
2,1501,5,7,0,1,2017
3,1501,5,7,0,1,2017
4,1501,5,7,0,1,2017
5,1501,5,7,0,1,2017
6,1501,5,7,0,1,2017
7,1501,5,7,0,1,2017
8,1501,5,7,0,1,2017
9,1501,5,7,0,1,2017
10,1501,5,7,0,1,2017
1,1502,6,7,0,1,2017
2,1502,6,7,0,1,2017
3,1502,6,7,0,1,2017
4,1502,6,7,0,1,2017
5,1502,6,7,0,1,2017
6,1502,6,7,0,1,2017
7,1502,6,7,0,1,2017
8,1502,6,7,0,1,2017
9,1502,6,7,0,1,2017
10,1502,6,7,0,1,2017
2,1503,7,7,0,1,2017
4,1503,7,7,0,1,2017
6,1503,7,7,0,1,2017
9,1503,7,7,0,1,2017
1,1504,1,7,0,1,2017
2,1504,1,7,0,1,2017
3,1504,1,7,0,1,2017
4,1504,1,7,0,1,2017
5,1504,1,7,0,1,2017
6,1504,1,7,0,1,2017
7,1504,1,7,0,1,2017
8,1504,1,7,0,1,2017
9,1504,1,7,0,1,2017
10,1504,1,7,0,1,2017
1,1505,2,7,0,1,2017
2,1505,2,7,0,1,2017
3,1505,2,7,0,1,2017
4,1505,2,7,0,1,2017
5,1505,2,7,0,1,2017
6,1505,2,7,0,1,2017
7,1505,2,7,0,1,2017
8,1505,2,7,0,1,2017
9,1505,2,7,0,1,2017
10,1505,2,7,0,1,2017
1,1506,3,7,0,1,2017
2,1506,3,7,0,1,2017
3,1506,3,7,0,1,2017
4,1506,3,7,0,1,2017
5,1506,3,7,0,1,2017
6,1506,3,7,0,1,2017
7,1506,3,7,0,1,2017
8,1506,3,7,0,1,2017
9,1506,3,7,0,1,2017
10,1506,3,7,0,1,2017
1,1507,4,7,0,1,2017
2,1507,4,7,0,1,2017
3,1507,4,7,0,1,2017
4,1507,4,7,0,1,2017
5,1507,4,7,0,1,2017
6,1507,4,7,0,1,2017
7,1507,4,7,0,1,2017
8,1507,4,7,0,1,2017
9,1507,4,7,0,1,2017
10,1507,4,7,0,1,2017
1,1508,5,7,0,1,2017
2,1508,5,7,0,1,2017
3,1508,5,7,0,1,2017
4,1508,5,7,0,1,2017
5,1508,5,7,0,1,2017
6,1508,5,7,0,1,2017
7,1508,5,7,0,1,2017
8,1508,5,7,0,1,2017
9,1508,5,7,0,1,2017
10,1508,5,7,0,1,2017
1,1509,6,7,0,1,2017
3,1509,6,7,0,1,2017
4,1509,6,7,0,1,2017
5,1509,6,7,0,1,2017
6,1509,6,7,0,1,2017
7,1509,6,7,0,1,2017
8,1509,6,7,0,1,2017
9,1509,6,7,0,1,2017
10,1509,6,7,0,1,2017
3,1510,7,7,0,1,2017
4,1510,7,7,0,1,2017
6,1510,7,7,0,1,2017
9,1510,7,7,0,1,2017
10,1510,7,7,0,1,2017
1,1511,1,7,0,1,2017
2,1511,1,7,0,1,2017
3,1511,1,7,0,1,2017
4,1511,1,7,0,1,2017
5,1511,1,7,0,1,2017
6,1511,1,7,0,1,2017
7,1511,1,7,0,1,2017
8,1511,1,7,0,1,2017
9,1511,1,7,0,1,2017
10,1511,1,7,0,1,2017
1,1512,2,7,0,1,2017
2,1512,2,7,0,1,2017
3,1512,2,7,0,1,2017
4,1512,2,7,0,1,2017
5,1512,2,7,0,1,2017
6,1512,2,7,0,1,2017
7,1512,2,7,0,1,2017
8,1512,2,7,0,1,2017
9,1512,2,7,0,1,2017
10,1512,2,7,0,1,2017
1,1513,3,7,0,1,2017
2,1513,3,7,0,1,2017
3,1513,3,7,0,1,2017
4,1513,3,7,0,1,2017
5,1513,3,7,0,1,2017
6,1513,3,7,0,1,2017
7,1513,3,7,0,1,2017
8,1513,3,7,0,1,2017
9,1513,3,7,0,1,2017
10,1513,3,7,0,1,2017
1,1514,4,7,0,1,2017
2,1514,4,7,0,1,2017
3,1514,4,7,0,1,2017
4,1514,4,7,0,1,2017
5,1514,4,7,0,1,2017
6,1514,4,7,0,1,2017
7,1514,4,7,0,1,2017
8,1514,4,7,0,1,2017
9,1514,4,7,0,1,2017
10,1514,4,7,0,1,2017
1,1515,5,7,0,1,2017
2,1515,5,7,0,1,2017
3,1515,5,7,0,1,2017
4,1515,5,7,0,1,2017
5,1515,5,7,0,1,2017
6,1515,5,7,0,1,2017
7,1515,5,7,0,1,2017
8,1515,5,7,0,1,2017
9,1515,5,7,0,1,2017
10,1515,5,7,0,1,2017
2,1516,6,7,0,1,2017
3,1516,6,7,0,1,2017
4,1516,6,7,0,1,2017
5,1516,6,7,0,1,2017
6,1516,6,7,0,1,2017
7,1516,6,7,0,1,2017
8,1516,6,7,0,1,2017
9,1516,6,7,0,1,2017
10,1516,6,7,0,1,2017
1,1517,7,7,0,1,2017
2,1517,7,7,0,1,2017
3,1517,7,7,0,1,2017
4,1517,7,7,0,1,2017
9,1517,7,7,0,1,2017
10,1517,7,7,0,1,2017
1,1518,1,7,0,1,2017
2,1518,1,7,0,1,2017
3,1518,1,7,0,1,2017
4,1518,1,7,0,1,2017
5,1518,1,7,0,1,2017
6,1518,1,7,0,1,2017
7,1518,1,7,0,1,2017
8,1518,1,7,0,1,2017
9,1518,1,7,0,1,2017
10,1518,1,7,0,1,2017
1,1519,2,7,0,1,2017
2,1519,2,7,0,1,2017
3,1519,2,7,0,1,2017
4,1519,2,7,0,1,2017
5,1519,2,7,0,1,2017
6,1519,2,7,0,1,2017
7,1519,2,7,0,1,2017
8,1519,2,7,0,1,2017
9,1519,2,7,0,1,2017
10,1519,2,7,0,1,2017
1,1520,3,7,0,1,2017
2,1520,3,7,0,1,2017
3,1520,3,7,0,1,2017
4,1520,3,7,0,1,2017
5,1520,3,7,0,1,2017
6,1520,3,7,0,1,2017
7,1520,3,7,0,1,2017
8,1520,3,7,0,1,2017
9,1520,3,7,0,1,2017
10,1520,3,7,0,1,2017
1,1521,4,7,0,1,2017
2,1521,4,7,0,1,2017
3,1521,4,7,0,1,2017
4,1521,4,7,0,1,2017
5,1521,4,7,0,1,2017
6,1521,4,7,0,1,2017
7,1521,4,7,0,1,2017
8,1521,4,7,0,1,2017
9,1521,4,7,0,1,2017
10,1521,4,7,0,1,2017
1,1522,5,7,0,1,2017
2,1522,5,7,0,1,2017
3,1522,5,7,0,1,2017
4,1522,5,7,0,1,2017
5,1522,5,7,0,1,2017
6,1522,5,7,0,1,2017
7,1522,5,7,0,1,2017
8,1522,5,7,0,1,2017
9,1522,5,7,0,1,2017
10,1522,5,7,0,1,2017
1,1523,6,7,0,1,2017
2,1523,6,7,0,1,2017
3,1523,6,7,0,1,2017
4,1523,6,7,0,1,2017
5,1523,6,7,0,1,2017
6,1523,6,7,0,1,2017
7,1523,6,7,0,1,2017
8,1523,6,7,0,1,2017
9,1523,6,7,0,1,2017
10,1523,6,7,0,1,2017
1,1524,7,7,0,1,2017
3,1524,7,7,0,1,2017
6,1524,7,7,0,1,2017
7,1524,7,7,0,1,2017
9,1524,7,7,0,1,2017
10,1524,7,7,0,1,2017
1,1525,1,7,0,1,2017
2,1525,1,7,0,1,2017
3,1525,1,7,0,1,2017
4,1525,1,7,0,1,2017
5,1525,1,7,0,1,2017
6,1525,1,7,0,1,2017
7,1525,1,7,0,1,2017
8,1525,1,7,0,1,2017
9,1525,1,7,0,1,2017
10,1525,1,7,0,1,2017
1,1526,2,8,0,1,2017
2,1526,2,8,0,1,2017
3,1526,2,8,0,1,2017
4,1526,2,8,0,1,2017
5,1526,2,8,0,1,2017
6,1526,2,8,0,1,2017
7,1526,2,8,0,1,2017
8,1526,2,8,0,1,2017
9,1526,2,8,0,1,2017
10,1526,2,8,0,1,2017
1,1527,3,8,0,1,2017
2,1527,3,8,0,1,2017
3,1527,3,8,0,1,2017
4,1527,3,8,0,1,2017
5,1527,3,8,0,1,2017
6,1527,3,8,0,1,2017
7,1527,3,8,0,1,2017
8,1527,3,8,0,1,2017
9,1527,3,8,0,1,2017
10,1527,3,8,0,1,2017
1,1528,4,8,0,1,2017
2,1528,4,8,0,1,2017
3,1528,4,8,0,1,2017
4,1528,4,8,0,1,2017
5,1528,4,8,0,1,2017
6,1528,4,8,0,1,2017
7,1528,4,8,0,1,2017
8,1528,4,8,0,1,2017
9,1528,4,8,0,1,2017
10,1528,4,8,0,1,2017
1,1529,5,8,0,1,2017
2,1529,5,8,0,1,2017
3,1529,5,8,0,1,2017
4,1529,5,8,0,1,2017
5,1529,5,8,0,1,2017
6,1529,5,8,0,1,2017
7,1529,5,8,0,1,2017
8,1529,5,8,0,1,2017
9,1529,5,8,0,1,2017
10,1529,5,8,0,1,2017
1,1530,6,8,0,1,2017
2,1530,6,8,0,1,2017
3,1530,6,8,0,1,2017
4,1530,6,8,0,1,2017
5,1530,6,8,0,1,2017
6,1530,6,8,0,1,2017
7,1530,6,8,0,1,2017
8,1530,6,8,0,1,2017
9,1530,6,8,0,1,2017
10,1530,6,8,0,1,2017
4,1531,7,8,0,1,2017
6,1531,7,8,0,1,2017
7,1531,7,8,0,1,2017
1,1532,1,8,0,1,2017
2,1532,1,8,0,1,2017
3,1532,1,8,0,1,2017
4,1532,1,8,0,1,2017
5,1532,1,8,0,1,2017
6,1532,1,8,0,1,2017
7,1532,1,8,0,1,2017
8,1532,1,8,0,1,2017
9,1532,1,8,0,1,2017
10,1532,1,8,0,1,2017
1,1533,2,8,0,1,2017
2,1533,2,8,0,1,2017
3,1533,2,8,0,1,2017
4,1533,2,8,0,1,2017
5,1533,2,8,0,1,2017
6,1533,2,8,0,1,2017
7,1533,2,8,0,1,2017
8,1533,2,8,0,1,2017
9,1533,2,8,0,1,2017
10,1533,2,8,0,1,2017
1,1534,3,8,0,1,2017
2,1534,3,8,0,1,2017
3,1534,3,8,0,1,2017
4,1534,3,8,0,1,2017
5,1534,3,8,0,1,2017
6,1534,3,8,0,1,2017
7,1534,3,8,0,1,2017
8,1534,3,8,0,1,2017
9,1534,3,8,0,1,2017
10,1534,3,8,0,1,2017
1,1535,4,8,0,1,2017
2,1535,4,8,0,1,2017
3,1535,4,8,0,1,2017
4,1535,4,8,0,1,2017
5,1535,4,8,0,1,2017
6,1535,4,8,0,1,2017
7,1535,4,8,0,1,2017
8,1535,4,8,0,1,2017
9,1535,4,8,0,1,2017
10,1535,4,8,0,1,2017
1,1536,5,8,0,1,2017
2,1536,5,8,0,1,2017
3,1536,5,8,0,1,2017
4,1536,5,8,0,1,2017
5,1536,5,8,0,1,2017
6,1536,5,8,0,1,2017
7,1536,5,8,0,1,2017
8,1536,5,8,0,1,2017
9,1536,5,8,0,1,2017
10,1536,5,8,0,1,2017
1,1537,6,8,0,1,2017
2,1537,6,8,0,1,2017
3,1537,6,8,0,1,2017
4,1537,6,8,0,1,2017
5,1537,6,8,0,1,2017
6,1537,6,8,0,1,2017
7,1537,6,8,0,1,2017
8,1537,6,8,0,1,2017
9,1537,6,8,0,1,2017
10,1537,6,8,0,1,2017
4,1538,7,8,0,1,2017
6,1538,7,8,0,1,2017
7,1538,7,8,0,1,2017
9,1538,7,8,0,1,2017
1,1539,1,8,0,1,2017
2,1539,1,8,0,1,2017
3,1539,1,8,0,1,2017
4,1539,1,8,0,1,2017
5,1539,1,8,0,1,2017
6,1539,1,8,0,1,2017
7,1539,1,8,0,1,2017
8,1539,1,8,0,1,2017
9,1539,1,8,0,1,2017
10,1539,1,8,0,1,2017
1,1540,2,8,0,1,2017
2,1540,2,8,0,1,2017
3,1540,2,8,0,1,2017
4,1540,2,8,0,1,2017
5,1540,2,8,0,1,2017
6,1540,2,8,0,1,2017
7,1540,2,8,0,1,2017
8,1540,2,8,0,1,2017
9,1540,2,8,0,1,2017
10,1540,2,8,0,1,2017
1,1541,3,8,0,1,2017
2,1541,3,8,0,1,2017
3,1541,3,8,0,1,2017
4,1541,3,8,0,1,2017
5,1541,3,8,0,1,2017
6,1541,3,8,0,1,2017
7,1541,3,8,0,1,2017
8,1541,3,8,0,1,2017
9,1541,3,8,0,1,2017
10,1541,3,8,0,1,2017
1,1542,4,8,0,1,2017
2,1542,4,8,0,1,2017
3,1542,4,8,0,1,2017
4,1542,4,8,0,1,2017
5,1542,4,8,0,1,2017
6,1542,4,8,0,1,2017
7,1542,4,8,0,1,2017
8,1542,4,8,0,1,2017
9,1542,4,8,0,1,2017
10,1542,4,8,0,1,2017
1,1543,5,8,0,1,2017
2,1543,5,8,0,1,2017
3,1543,5,8,0,1,2017
4,1543,5,8,0,1,2017
5,1543,5,8,0,1,2017
6,1543,5,8,0,1,2017
7,1543,5,8,0,1,2017
8,1543,5,8,0,1,2017
9,1543,5,8,0,1,2017
10,1543,5,8,0,1,2017
1,1544,6,8,0,1,2017
2,1544,6,8,0,1,2017
3,1544,6,8,0,1,2017
4,1544,6,8,0,1,2017
5,1544,6,8,0,1,2017
6,1544,6,8,0,1,2017
7,1544,6,8,0,1,2017
8,1544,6,8,0,1,2017
9,1544,6,8,0,1,2017
10,1544,6,8,0,1,2017
1,1545,1,8,0,1,2017
2,1545,1,8,0,1,2017
3,1545,1,8,0,1,2017
4,1545,1,8,0,1,2017
5,1545,1,8,0,1,2017
6,1545,1,8,0,1,2017
7,1545,1,8,0,1,2017
8,1545,1,8,0,1,2017
9,1545,1,8,0,1,2017
10,1545,1,8,0,1,2017
1,1546,2,8,0,1,2017
2,1546,2,8,0,1,2017
3,1546,2,8,0,1,2017
4,1546,2,8,0,1,2017
5,1546,2,8,0,1,2017
6,1546,2,8,0,1,2017
7,1546,2,8,0,1,2017
8,1546,2,8,0,1,2017
9,1546,2,8,0,1,2017
10,1546,2,8,0,1,2017
1,1547,3,8,0,1,2017
2,1547,3,8,0,1,2017
3,1547,3,8,0,1,2017
4,1547,3,8,0,1,2017
5,1547,3,8,0,1,2017
6,1547,3,8,0,1,2017
7,1547,3,8,0,1,2017
8,1547,3,8,0,1,2017
9,1547,3,8,0,1,2017
10,1547,3,8,0,1,2017
1,1548,4,8,0,1,2017
2,1548,4,8,0,1,2017
3,1548,4,8,0,1,2017
4,1548,4,8,0,1,2017
5,1548,4,8,0,1,2017
6,1548,4,8,0,1,2017
7,1548,4,8,0,1,2017
8,1548,4,8,0,1,2017
9,1548,4,8,0,1,2017
10,1548,4,8,0,1,2017
1,1549,5,8,0,1,2017
2,1549,5,8,0,1,2017
3,1549,5,8,0,1,2017
4,1549,5,8,0,1,2017
5,1549,5,8,0,1,2017
6,1549,5,8,0,1,2017
7,1549,5,8,0,1,2017
8,1549,5,8,0,1,2017
9,1549,5,8,0,1,2017
10,1549,5,8,0,1,2017
1,1550,6,8,0,1,2017
2,1550,6,8,0,1,2017
3,1550,6,8,0,1,2017
4,1550,6,8,0,1,2017
5,1550,6,8,0,1,2017
6,1550,6,8,0,1,2017
7,1550,6,8,0,1,2017
8,1550,6,8,0,1,2017
9,1550,6,8,0,1,2017
10,1550,6,8,0,1,2017
1,1551,7,8,0,1,2017
2,1551,7,8,0,1,2017
4,1551,7,8,0,1,2017
6,1551,7,8,0,1,2017
1,1552,1,8,0,1,2017
2,1552,1,8,0,1,2017
3,1552,1,8,0,1,2017
4,1552,1,8,0,1,2017
5,1552,1,8,0,1,2017
6,1552,1,8,0,1,2017
7,1552,1,8,0,1,2017
8,1552,1,8,0,1,2017
9,1552,1,8,0,1,2017
10,1552,1,8,0,1,2017
1,1553,2,8,0,1,2017
2,1553,2,8,0,1,2017
3,1553,2,8,0,1,2017
4,1553,2,8,0,1,2017
5,1553,2,8,0,1,2017
6,1553,2,8,0,1,2017
7,1553,2,8,0,1,2017
8,1553,2,8,0,1,2017
9,1553,2,8,0,1,2017
10,1553,2,8,0,1,2017
1,1554,3,8,0,1,2017
2,1554,3,8,0,1,2017
3,1554,3,8,0,1,2017
4,1554,3,8,0,1,2017
5,1554,3,8,0,1,2017
6,1554,3,8,0,1,2017
7,1554,3,8,0,1,2017
8,1554,3,8,0,1,2017
9,1554,3,8,0,1,2017
10,1554,3,8,0,1,2017
1,1555,4,8,0,1,2017
2,1555,4,8,0,1,2017
3,1555,4,8,0,1,2017
4,1555,4,8,0,1,2017
5,1555,4,8,0,1,2017
6,1555,4,8,0,1,2017
7,1555,4,8,0,1,2017
8,1555,4,8,0,1,2017
9,1555,4,8,0,1,2017
10,1555,4,8,0,1,2017
1,1556,5,9,0,1,2017
2,1556,5,9,0,1,2017
3,1556,5,9,0,1,2017
4,1556,5,9,0,1,2017
5,1556,5,9,0,1,2017
6,1556,5,9,0,1,2017
7,1556,5,9,0,1,2017
8,1556,5,9,0,1,2017
9,1556,5,9,0,1,2017
10,1556,5,9,0,1,2017
4,1557,7,9,0,1,2017
6,1557,7,9,0,1,2017
9,1557,7,9,0,1,2017
10,1557,7,9,0,1,2017
1,1558,1,9,0,1,2017
2,1558,1,9,0,1,2017
3,1558,1,9,0,1,2017
4,1558,1,9,0,1,2017
5,1558,1,9,0,1,2017
6,1558,1,9,0,1,2017
7,1558,1,9,0,1,2017
8,1558,1,9,0,1,2017
9,1558,1,9,0,1,2017
10,1558,1,9,0,1,2017
1,1559,2,9,0,1,2017
2,1559,2,9,0,1,2017
3,1559,2,9,0,1,2017
4,1559,2,9,0,1,2017
5,1559,2,9,0,1,2017
6,1559,2,9,0,1,2017
7,1559,2,9,0,1,2017
8,1559,2,9,0,1,2017
9,1559,2,9,0,1,2017
10,1559,2,9,0,1,2017
1,1560,3,9,0,1,2017
2,1560,3,9,0,1,2017
3,1560,3,9,0,1,2017
4,1560,3,9,0,1,2017
5,1560,3,9,0,1,2017
6,1560,3,9,0,1,2017
7,1560,3,9,0,1,2017
8,1560,3,9,0,1,2017
9,1560,3,9,0,1,2017
10,1560,3,9,0,1,2017
1,1561,4,9,0,1,2017
2,1561,4,9,0,1,2017
3,1561,4,9,0,1,2017
4,1561,4,9,0,1,2017
5,1561,4,9,0,1,2017
6,1561,4,9,0,1,2017
7,1561,4,9,0,1,2017
8,1561,4,9,0,1,2017
9,1561,4,9,0,1,2017
10,1561,4,9,0,1,2017
1,1562,5,9,0,1,2017
2,1562,5,9,0,1,2017
3,1562,5,9,0,1,2017
4,1562,5,9,0,1,2017
5,1562,5,9,0,1,2017
6,1562,5,9,0,1,2017
7,1562,5,9,0,1,2017
8,1562,5,9,0,1,2017
9,1562,5,9,0,1,2017
10,1562,5,9,0,1,2017
1,1563,6,9,0,1,2017
2,1563,6,9,0,1,2017
3,1563,6,9,0,1,2017
4,1563,6,9,0,1,2017
5,1563,6,9,0,1,2017
6,1563,6,9,0,1,2017
7,1563,6,9,0,1,2017
8,1563,6,9,0,1,2017
9,1563,6,9,0,1,2017
10,1563,6,9,0,1,2017
1,1564,7,9,0,1,2017
8,1564,7,9,0,1,2017
10,1564,7,9,0,1,2017
1,1565,1,9,0,1,2017
2,1565,1,9,0,1,2017
3,1565,1,9,0,1,2017
4,1565,1,9,0,1,2017
5,1565,1,9,0,1,2017
6,1565,1,9,0,1,2017
7,1565,1,9,0,1,2017
8,1565,1,9,0,1,2017
9,1565,1,9,0,1,2017
10,1565,1,9,0,1,2017
1,1566,2,9,0,1,2017
2,1566,2,9,0,1,2017
3,1566,2,9,0,1,2017
4,1566,2,9,0,1,2017
5,1566,2,9,0,1,2017
6,1566,2,9,0,1,2017
7,1566,2,9,0,1,2017
8,1566,2,9,0,1,2017
9,1566,2,9,0,1,2017
10,1566,2,9,0,1,2017
1,1567,3,9,0,1,2017
2,1567,3,9,0,1,2017
3,1567,3,9,0,1,2017
4,1567,3,9,0,1,2017
5,1567,3,9,0,1,2017
6,1567,3,9,0,1,2017
7,1567,3,9,0,1,2017
8,1567,3,9,0,1,2017
9,1567,3,9,0,1,2017
10,1567,3,9,0,1,2017
1,1568,4,9,0,1,2017
2,1568,4,9,0,1,2017
3,1568,4,9,0,1,2017
4,1568,4,9,0,1,2017
5,1568,4,9,0,1,2017
6,1568,4,9,0,1,2017
7,1568,4,9,0,1,2017
8,1568,4,9,0,1,2017
9,1568,4,9,0,1,2017
10,1568,4,9,0,1,2017
1,1569,5,9,0,1,2017
2,1569,5,9,0,1,2017
3,1569,5,9,0,1,2017
4,1569,5,9,0,1,2017
5,1569,5,9,0,1,2017
6,1569,5,9,0,1,2017
7,1569,5,9,0,1,2017
8,1569,5,9,0,1,2017
9,1569,5,9,0,1,2017
10,1569,5,9,0,1,2017
1,1570,6,9,0,1,2017
2,1570,6,9,0,1,2017
3,1570,6,9,0,1,2017
4,1570,6,9,0,1,2017
5,1570,6,9,0,1,2017
6,1570,6,9,0,1,2017
7,1570,6,9,0,1,2017
8,1570,6,9,0,1,2017
9,1570,6,9,0,1,2017
10,1570,6,9,0,1,2017
1,1571,7,9,0,1,2017
2,1571,7,9,0,1,2017
5,1571,7,9,0,1,2017
6,1571,7,9,0,1,2017
7,1571,7,9,0,1,2017
9,1571,7,9,0,1,2017
10,1571,7,9,0,1,2017
1,1572,1,9,0,1,2017
2,1572,1,9,0,1,2017
3,1572,1,9,0,1,2017
4,1572,1,9,0,1,2017
5,1572,1,9,0,1,2017
6,1572,1,9,0,1,2017
7,1572,1,9,0,1,2017
8,1572,1,9,0,1,2017
9,1572,1,9,0,1,2017
10,1572,1,9,0,1,2017
1,1573,2,9,0,1,2017
2,1573,2,9,0,1,2017
3,1573,2,9,0,1,2017
4,1573,2,9,0,1,2017
5,1573,2,9,0,1,2017
6,1573,2,9,0,1,2017
7,1573,2,9,0,1,2017
8,1573,2,9,0,1,2017
9,1573,2,9,0,1,2017
10,1573,2,9,0,1,2017
1,1574,3,9,0,1,2017
2,1574,3,9,0,1,2017
3,1574,3,9,0,1,2017
4,1574,3,9,0,1,2017
5,1574,3,9,0,1,2017
6,1574,3,9,0,1,2017
7,1574,3,9,0,1,2017
8,1574,3,9,0,1,2017
9,1574,3,9,0,1,2017
10,1574,3,9,0,1,2017
1,1575,4,9,0,1,2017
2,1575,4,9,0,1,2017
3,1575,4,9,0,1,2017
4,1575,4,9,0,1,2017
5,1575,4,9,0,1,2017
6,1575,4,9,0,1,2017
7,1575,4,9,0,1,2017
8,1575,4,9,0,1,2017
9,1575,4,9,0,1,2017
10,1575,4,9,0,1,2017
1,1576,5,9,0,1,2017
2,1576,5,9,0,1,2017
3,1576,5,9,0,1,2017
4,1576,5,9,0,1,2017
5,1576,5,9,0,1,2017
6,1576,5,9,0,1,2017
7,1576,5,9,0,1,2017
8,1576,5,9,0,1,2017
9,1576,5,9,0,1,2017
10,1576,5,9,0,1,2017
1,1577,6,9,0,1,2017
2,1577,6,9,0,1,2017
3,1577,6,9,0,1,2017
4,1577,6,9,0,1,2017
5,1577,6,9,0,1,2017
6,1577,6,9,0,1,2017
7,1577,6,9,0,1,2017
8,1577,6,9,0,1,2017
9,1577,6,9,0,1,2017
10,1577,6,9,0,1,2017
1,1578,1,9,0,1,2017
2,1578,1,9,0,1,2017
3,1578,1,9,0,1,2017
4,1578,1,9,0,1,2017
5,1578,1,9,0,1,2017
6,1578,1,9,0,1,2017
7,1578,1,9,0,1,2017
8,1578,1,9,0,1,2017
9,1578,1,9,0,1,2017
10,1578,1,9,0,1,2017
1,1579,2,9,0,1,2017
2,1579,2,9,0,1,2017
3,1579,2,9,0,1,2017
4,1579,2,9,0,1,2017
5,1579,2,9,0,1,2017
6,1579,2,9,0,1,2017
7,1579,2,9,0,1,2017
8,1579,2,9,0,1,2017
9,1579,2,9,0,1,2017
10,1579,2,9,0,1,2017
1,1580,3,9,0,1,2017
2,1580,3,9,0,1,2017
3,1580,3,9,0,1,2017
4,1580,3,9,0,1,2017
5,1580,3,9,0,1,2017
6,1580,3,9,0,1,2017
7,1580,3,9,0,1,2017
8,1580,3,9,0,1,2017
9,1580,3,9,0,1,2017
10,1580,3,9,0,1,2017
1,1581,4,9,0,1,2017
2,1581,4,9,0,1,2017
3,1581,4,9,0,1,2017
4,1581,4,9,0,1,2017
5,1581,4,9,0,1,2017
6,1581,4,9,0,1,2017
7,1581,4,9,0,1,2017
8,1581,4,9,0,1,2017
9,1581,4,9,0,1,2017
10,1581,4,9,0,1,2017
1,1582,5,9,0,1,2017
2,1582,5,9,0,1,2017
3,1582,5,9,0,1,2017
4,1582,5,9,0,1,2017
5,1582,5,9,0,1,2017
6,1582,5,9,0,1,2017
7,1582,5,9,0,1,2017
8,1582,5,9,0,1,2017
9,1582,5,9,0,1,2017
10,1582,5,9,0,1,2017
1,1583,6,9,1,1,2017
2,1583,6,9,1,1,2017
3,1583,6,9,1,1,2017
4,1583,6,9,1,1,2017
5,1583,6,9,1,1,2017
6,1583,6,9,1,1,2017
7,1583,6,9,1,1,2017
8,1583,6,9,1,1,2017
9,1583,6,9,1,1,2017
10,1583,6,9,1,1,2017
2,1584,2,10,0,0,2017
6,1584,2,10,0,0,2017
7,1584,2,10,0,0,2017
9,1584,2,10,0,0,2017
10,1584,2,10,0,0,2017
2,1585,3,10,0,0,2017
8,1585,3,10,0,0,2017
9,1585,3,10,0,0,2017
2,1586,4,10,0,0,2017
3,1586,4,10,0,0,2017
4,1586,4,10,0,0,2017
6,1586,4,10,0,0,2017
7,1586,4,10,0,0,2017
8,1586,4,10,0,0,2017
1,1587,5,10,0,0,2017
2,1587,5,10,0,0,2017
4,1587,5,10,0,0,2017
6,1587,5,10,0,0,2017
8,1587,5,10,0,0,2017
9,1587,5,10,0,0,2017
10,1587,5,10,0,0,2017
1,1588,6,10,0,0,2017
2,1588,6,10,0,0,2017
3,1588,6,10,0,0,2017
4,1588,6,10,0,0,2017
6,1588,6,10,0,0,2017
7,1588,6,10,0,0,2017
8,1588,6,10,0,0,2017
9,1588,6,10,0,0,2017
10,1588,6,10,0,0,2017
1,1589,7,10,0,0,2017
3,1589,7,10,0,0,2017
4,1589,7,10,0,0,2017
6,1589,7,10,0,0,2017
7,1589,7,10,0,0,2017
8,1589,7,10,0,0,2017
9,1589,7,10,0,0,2017
10,1589,7,10,0,0,2017
1,1590,1,10,0,1,2017
2,1590,1,10,0,1,2017
3,1590,1,10,0,1,2017
4,1590,1,10,0,1,2017
5,1590,1,10,0,1,2017
6,1590,1,10,0,1,2017
7,1590,1,10,0,1,2017
8,1590,1,10,0,1,2017
9,1590,1,10,0,1,2017
10,1590,1,10,0,1,2017
1,1591,2,10,0,1,2017
2,1591,2,10,0,1,2017
3,1591,2,10,0,1,2017
4,1591,2,10,0,1,2017
5,1591,2,10,0,1,2017
6,1591,2,10,0,1,2017
7,1591,2,10,0,1,2017
8,1591,2,10,0,1,2017
9,1591,2,10,0,1,2017
10,1591,2,10,0,1,2017
1,1592,3,10,0,1,2017
2,1592,3,10,0,1,2017
3,1592,3,10,0,1,2017
4,1592,3,10,0,1,2017
5,1592,3,10,0,1,2017
6,1592,3,10,0,1,2017
7,1592,3,10,0,1,2017
8,1592,3,10,0,1,2017
9,1592,3,10,0,1,2017
10,1592,3,10,0,1,2017
1,1593,4,10,0,1,2017
2,1593,4,10,0,1,2017
3,1593,4,10,0,1,2017
4,1593,4,10,0,1,2017
5,1593,4,10,0,1,2017
6,1593,4,10,0,1,2017
7,1593,4,10,0,1,2017
8,1593,4,10,0,1,2017
9,1593,4,10,0,1,2017
10,1593,4,10,0,1,2017
1,1594,5,10,0,1,2017
2,1594,5,10,0,1,2017
3,1594,5,10,0,1,2017
4,1594,5,10,0,1,2017
5,1594,5,10,0,1,2017
6,1594,5,10,0,1,2017
7,1594,5,10,0,1,2017
8,1594,5,10,0,1,2017
9,1594,5,10,0,1,2017
10,1594,5,10,0,1,2017
1,1595,6,10,0,1,2017
2,1595,6,10,0,1,2017
3,1595,6,10,0,1,2017
4,1595,6,10,0,1,2017
5,1595,6,10,0,1,2017
6,1595,6,10,0,1,2017
7,1595,6,10,0,1,2017
8,1595,6,10,0,1,2017
9,1595,6,10,0,1,2017
10,1595,6,10,0,1,2017
1,1596,7,10,0,1,2017
4,1596,7,10,0,1,2017
5,1596,7,10,0,1,2017
6,1596,7,10,0,1,2017
7,1596,7,10,0,1,2017
9,1596,7,10,0,1,2017
10,1596,7,10,0,1,2017
1,1597,1,10,0,1,2017
2,1597,1,10,0,1,2017
3,1597,1,10,0,1,2017
4,1597,1,10,0,1,2017
5,1597,1,10,0,1,2017
6,1597,1,10,0,1,2017
7,1597,1,10,0,1,2017
8,1597,1,10,0,1,2017
9,1597,1,10,0,1,2017
10,1597,1,10,0,1,2017
1,1598,2,10,0,1,2017
2,1598,2,10,0,1,2017
3,1598,2,10,0,1,2017
4,1598,2,10,0,1,2017
5,1598,2,10,0,1,2017
6,1598,2,10,0,1,2017
7,1598,2,10,0,1,2017
8,1598,2,10,0,1,2017
9,1598,2,10,0,1,2017
10,1598,2,10,0,1,2017
1,1599,3,10,0,1,2017
2,1599,3,10,0,1,2017
3,1599,3,10,0,1,2017
4,1599,3,10,0,1,2017
5,1599,3,10,0,1,2017
6,1599,3,10,0,1,2017
7,1599,3,10,0,1,2017
8,1599,3,10,0,1,2017
9,1599,3,10,0,1,2017
10,1599,3,10,0,1,2017
1,1600,4,10,0,1,2017
2,1600,4,10,0,1,2017
3,1600,4,10,0,1,2017
4,1600,4,10,0,1,2017
5,1600,4,10,0,1,2017
6,1600,4,10,0,1,2017
7,1600,4,10,0,1,2017
8,1600,4,10,0,1,2017
9,1600,4,10,0,1,2017
10,1600,4,10,0,1,2017
1,1601,5,10,0,1,2017
2,1601,5,10,0,1,2017
3,1601,5,10,0,1,2017
4,1601,5,10,0,1,2017
5,1601,5,10,0,1,2017
6,1601,5,10,0,1,2017
7,1601,5,10,0,1,2017
8,1601,5,10,0,1,2017
9,1601,5,10,0,1,2017
10,1601,5,10,0,1,2017
1,1602,6,10,0,1,2017
2,1602,6,10,0,1,2017
3,1602,6,10,0,1,2017
4,1602,6,10,0,1,2017
5,1602,6,10,0,1,2017
6,1602,6,10,0,1,2017
7,1602,6,10,0,1,2017
8,1602,6,10,0,1,2017
9,1602,6,10,0,1,2017
10,1602,6,10,0,1,2017
1,1603,7,10,0,1,2017
2,1603,7,10,0,1,2017
3,1603,7,10,0,1,2017
4,1603,7,10,0,1,2017
6,1603,7,10,0,1,2017
7,1603,7,10,0,1,2017
8,1603,7,10,0,1,2017
9,1603,7,10,0,1,2017
10,1603,7,10,0,1,2017
1,1604,1,10,0,1,2017
2,1604,1,10,0,1,2017
3,1604,1,10,0,1,2017
4,1604,1,10,0,1,2017
5,1604,1,10,0,1,2017
6,1604,1,10,0,1,2017
7,1604,1,10,0,1,2017
8,1604,1,10,0,1,2017
9,1604,1,10,0,1,2017
10,1604,1,10,0,1,2017
1,1605,2,10,0,1,2017
2,1605,2,10,0,1,2017
3,1605,2,10,0,1,2017
4,1605,2,10,0,1,2017
5,1605,2,10,0,1,2017
6,1605,2,10,0,1,2017
7,1605,2,10,0,1,2017
8,1605,2,10,0,1,2017
9,1605,2,10,0,1,2017
10,1605,2,10,0,1,2017
1,1606,3,10,0,1,2017
2,1606,3,10,0,1,2017
3,1606,3,10,0,1,2017
4,1606,3,10,0,1,2017
5,1606,3,10,0,1,2017
6,1606,3,10,0,1,2017
7,1606,3,10,0,1,2017
8,1606,3,10,0,1,2017
9,1606,3,10,0,1,2017
10,1606,3,10,0,1,2017
1,1607,4,10,0,1,2017
2,1607,4,10,0,1,2017
3,1607,4,10,0,1,2017
4,1607,4,10,0,1,2017
5,1607,4,10,0,1,2017
6,1607,4,10,0,1,2017
7,1607,4,10,0,1,2017
8,1607,4,10,0,1,2017
9,1607,4,10,0,1,2017
10,1607,4,10,0,1,2017
1,1608,5,10,0,1,2017
2,1608,5,10,0,1,2017
3,1608,5,10,0,1,2017
4,1608,5,10,0,1,2017
5,1608,5,10,0,1,2017
6,1608,5,10,0,1,2017
7,1608,5,10,0,1,2017
8,1608,5,10,0,1,2017
9,1608,5,10,0,1,2017
10,1608,5,10,0,1,2017
1,1609,6,10,0,1,2017
2,1609,6,10,0,1,2017
3,1609,6,10,0,1,2017
4,1609,6,10,0,1,2017
5,1609,6,10,0,1,2017
6,1609,6,10,0,1,2017
7,1609,6,10,0,1,2017
8,1609,6,10,0,1,2017
9,1609,6,10,0,1,2017
10,1609,6,10,0,1,2017
1,1610,7,10,0,1,2017
4,1610,7,10,0,1,2017
6,1610,7,10,0,1,2017
7,1610,7,10,0,1,2017
9,1610,7,10,0,1,2017
10,1610,7,10,0,1,2017
1,1611,1,10,0,1,2017
2,1611,1,10,0,1,2017
3,1611,1,10,0,1,2017
4,1611,1,10,0,1,2017
5,1611,1,10,0,1,2017
6,1611,1,10,0,1,2017
7,1611,1,10,0,1,2017
8,1611,1,10,0,1,2017
9,1611,1,10,0,1,2017
10,1611,1,10,0,1,2017
1,1612,2,10,0,1,2017
2,1612,2,10,0,1,2017
3,1612,2,10,0,1,2017
4,1612,2,10,0,1,2017
5,1612,2,10,0,1,2017
6,1612,2,10,0,1,2017
7,1612,2,10,0,1,2017
8,1612,2,10,0,1,2017
9,1612,2,10,0,1,2017
10,1612,2,10,0,1,2017
1,1613,3,11,0,1,2017
2,1613,3,11,0,1,2017
3,1613,3,11,0,1,2017
4,1613,3,11,0,1,2017
5,1613,3,11,0,1,2017
6,1613,3,11,0,1,2017
7,1613,3,11,0,1,2017
8,1613,3,11,0,1,2017
9,1613,3,11,0,1,2017
10,1613,3,11,0,1,2017
1,1614,4,11,0,1,2017
2,1614,4,11,0,1,2017
3,1614,4,11,0,1,2017
4,1614,4,11,0,1,2017
5,1614,4,11,0,1,2017
6,1614,4,11,0,1,2017
7,1614,4,11,0,1,2017
8,1614,4,11,0,1,2017
9,1614,4,11,0,1,2017
10,1614,4,11,0,1,2017
1,1615,5,11,0,1,2017
2,1615,5,11,0,1,2017
3,1615,5,11,0,1,2017
4,1615,5,11,0,1,2017
5,1615,5,11,0,1,2017
6,1615,5,11,0,1,2017
7,1615,5,11,0,1,2017
8,1615,5,11,0,1,2017
9,1615,5,11,0,1,2017
10,1615,5,11,0,1,2017
1,1616,6,11,0,1,2017
2,1616,6,11,0,1,2017
3,1616,6,11,0,1,2017
4,1616,6,11,0,1,2017
5,1616,6,11,0,1,2017
6,1616,6,11,0,1,2017
7,1616,6,11,0,1,2017
8,1616,6,11,0,1,2017
9,1616,6,11,0,1,2017
10,1616,6,11,0,1,2017
1,1617,7,11,0,1,2017
4,1617,7,11,0,1,2017
5,1617,7,11,0,1,2017
7,1617,7,11,0,1,2017
9,1617,7,11,0,1,2017
10,1617,7,11,0,1,2017
1,1618,1,11,0,1,2017
2,1618,1,11,0,1,2017
3,1618,1,11,0,1,2017
4,1618,1,11,0,1,2017
5,1618,1,11,0,1,2017
6,1618,1,11,0,1,2017
7,1618,1,11,0,1,2017
8,1618,1,11,0,1,2017
9,1618,1,11,0,1,2017
10,1618,1,11,0,1,2017
1,1619,2,11,0,1,2017
2,1619,2,11,0,1,2017
3,1619,2,11,0,1,2017
4,1619,2,11,0,1,2017
5,1619,2,11,0,1,2017
6,1619,2,11,0,1,2017
7,1619,2,11,0,1,2017
8,1619,2,11,0,1,2017
9,1619,2,11,0,1,2017
10,1619,2,11,0,1,2017
1,1620,3,11,0,1,2017
2,1620,3,11,0,1,2017
3,1620,3,11,0,1,2017
4,1620,3,11,0,1,2017
5,1620,3,11,0,1,2017
6,1620,3,11,0,1,2017
7,1620,3,11,0,1,2017
8,1620,3,11,0,1,2017
9,1620,3,11,0,1,2017
10,1620,3,11,0,1,2017
1,1621,4,11,0,1,2017
2,1621,4,11,0,1,2017
3,1621,4,11,0,1,2017
4,1621,4,11,0,1,2017
5,1621,4,11,0,1,2017
6,1621,4,11,0,1,2017
7,1621,4,11,0,1,2017
8,1621,4,11,0,1,2017
9,1621,4,11,0,1,2017
10,1621,4,11,0,1,2017
1,1622,5,11,0,1,2017
2,1622,5,11,0,1,2017
3,1622,5,11,0,1,2017
4,1622,5,11,0,1,2017
5,1622,5,11,0,1,2017
6,1622,5,11,0,1,2017
7,1622,5,11,0,1,2017
8,1622,5,11,0,1,2017
9,1622,5,11,0,1,2017
10,1622,5,11,0,1,2017
1,1623,6,11,0,1,2017
2,1623,6,11,0,1,2017
3,1623,6,11,0,1,2017
4,1623,6,11,0,1,2017
5,1623,6,11,0,1,2017
6,1623,6,11,0,1,2017
7,1623,6,11,0,1,2017
8,1623,6,11,0,1,2017
9,1623,6,11,0,1,2017
10,1623,6,11,0,1,2017
1,1624,7,11,0,1,2017
4,1624,7,11,0,1,2017
9,1624,7,11,0,1,2017
10,1624,7,11,0,1,2017
1,1625,1,11,0,1,2017
2,1625,1,11,0,1,2017
3,1625,1,11,0,1,2017
4,1625,1,11,0,1,2017
5,1625,1,11,0,1,2017
6,1625,1,11,0,1,2017
7,1625,1,11,0,1,2017
8,1625,1,11,0,1,2017
9,1625,1,11,0,1,2017
10,1625,1,11,0,1,2017
1,1626,2,11,0,1,2017
2,1626,2,11,0,1,2017
3,1626,2,11,0,1,2017
4,1626,2,11,0,1,2017
5,1626,2,11,0,1,2017
6,1626,2,11,0,1,2017
7,1626,2,11,0,1,2017
8,1626,2,11,0,1,2017
9,1626,2,11,0,1,2017
10,1626,2,11,0,1,2017
1,1627,3,11,0,1,2017
2,1627,3,11,0,1,2017
3,1627,3,11,0,1,2017
4,1627,3,11,0,1,2017
5,1627,3,11,0,1,2017
6,1627,3,11,0,1,2017
7,1627,3,11,0,1,2017
8,1627,3,11,0,1,2017
9,1627,3,11,0,1,2017
10,1627,3,11,0,1,2017
1,1628,4,11,0,1,2017
2,1628,4,11,0,1,2017
3,1628,4,11,0,1,2017
4,1628,4,11,0,1,2017
5,1628,4,11,0,1,2017
6,1628,4,11,0,1,2017
7,1628,4,11,0,1,2017
8,1628,4,11,0,1,2017
9,1628,4,11,0,1,2017
10,1628,4,11,0,1,2017
1,1629,5,11,0,1,2017
2,1629,5,11,0,1,2017
3,1629,5,11,0,1,2017
4,1629,5,11,0,1,2017
5,1629,5,11,0,1,2017
6,1629,5,11,0,1,2017
7,1629,5,11,0,1,2017
8,1629,5,11,0,1,2017
9,1629,5,11,0,1,2017
10,1629,5,11,0,1,2017
1,1630,6,11,0,1,2017
2,1630,6,11,0,1,2017
4,1630,6,11,0,1,2017
5,1630,6,11,0,1,2017
6,1630,6,11,0,1,2017
7,1630,6,11,0,1,2017
8,1630,6,11,0,1,2017
9,1630,6,11,0,1,2017
10,1630,6,11,0,1,2017
9,1631,7,11,0,1,2017
1,1632,1,11,0,1,2017
2,1632,1,11,0,1,2017
3,1632,1,11,0,1,2017
4,1632,1,11,0,1,2017
5,1632,1,11,0,1,2017
6,1632,1,11,0,1,2017
7,1632,1,11,0,1,2017
8,1632,1,11,0,1,2017
9,1632,1,11,0,1,2017
10,1632,1,11,0,1,2017
1,1633,2,11,0,1,2017
2,1633,2,11,0,1,2017
3,1633,2,11,0,1,2017
4,1633,2,11,0,1,2017
5,1633,2,11,0,1,2017
6,1633,2,11,0,1,2017
7,1633,2,11,0,1,2017
8,1633,2,11,0,1,2017
9,1633,2,11,0,1,2017
10,1633,2,11,0,1,2017
1,1634,3,11,0,1,2017
2,1634,3,11,0,1,2017
3,1634,3,11,0,1,2017
4,1634,3,11,0,1,2017
5,1634,3,11,0,1,2017
6,1634,3,11,0,1,2017
7,1634,3,11,0,1,2017
8,1634,3,11,0,1,2017
9,1634,3,11,0,1,2017
10,1634,3,11,0,1,2017
1,1635,4,11,0,1,2017
2,1635,4,11,0,1,2017
3,1635,4,11,0,1,2017
4,1635,4,11,0,1,2017
5,1635,4,11,0,1,2017
6,1635,4,11,0,1,2017
7,1635,4,11,0,1,2017
8,1635,4,11,0,1,2017
9,1635,4,11,0,1,2017
10,1635,4,11,0,1,2017
1,1636,5,11,0,1,2017
2,1636,5,11,0,1,2017
3,1636,5,11,0,1,2017
4,1636,5,11,0,1,2017
5,1636,5,11,0,1,2017
6,1636,5,11,0,1,2017
7,1636,5,11,0,1,2017
8,1636,5,11,0,1,2017
9,1636,5,11,0,1,2017
10,1636,5,11,0,1,2017
1,1637,6,11,0,1,2017
2,1637,6,11,0,1,2017
3,1637,6,11,0,1,2017
4,1637,6,11,0,1,2017
5,1637,6,11,0,1,2017
6,1637,6,11,0,1,2017
7,1637,6,11,0,1,2017
8,1637,6,11,0,1,2017
9,1637,6,11,0,1,2017
10,1637,6,11,0,1,2017
1,1638,7,11,0,1,2017
2,1638,7,11,0,1,2017
3,1638,7,11,0,1,2017
6,1638,7,11,0,1,2017
9,1638,7,11,0,1,2017
1,1639,1,11,0,1,2017
2,1639,1,11,0,1,2017
3,1639,1,11,0,1,2017
4,1639,1,11,0,1,2017
5,1639,1,11,0,1,2017
6,1639,1,11,0,1,2017
7,1639,1,11,0,1,2017
8,1639,1,11,0,1,2017
9,1639,1,11,0,1,2017
10,1639,1,11,0,1,2017
1,1640,2,11,0,1,2017
2,1640,2,11,0,1,2017
3,1640,2,11,0,1,2017
4,1640,2,11,0,1,2017
5,1640,2,11,0,1,2017
6,1640,2,11,0,1,2017
7,1640,2,11,0,1,2017
8,1640,2,11,0,1,2017
9,1640,2,11,0,1,2017
10,1640,2,11,0,1,2017
