date,day_of_week,brand,workday,tiaoxiu,month,year
1250,3,1,1,0,10,2016
1250,3,2,1,0,10,2016
1250,3,3,1,0,10,2016
1250,3,4,1,0,10,2016
1250,3,5,1,0,10,2016
1250,3,6,1,0,10,2016
1250,3,7,1,0,10,2016
1250,3,8,1,0,10,2016
1250,3,9,1,0,10,2016
1250,3,10,1,0,10,2016
1251,4,1,1,0,10,2016
1251,4,2,1,0,10,2016
1251,4,3,1,0,10,2016
1251,4,4,1,0,10,2016
1251,4,5,1,0,10,2016
1251,4,6,1,0,10,2016
1251,4,7,1,0,10,2016
1251,4,8,1,0,10,2016
1251,4,9,1,0,10,2016
1251,4,10,1,0,10,2016
1252,5,1,1,0,10,2016
1252,5,2,1,0,10,2016
1252,5,3,1,0,10,2016
1252,5,4,1,0,10,2016
1252,5,5,1,0,10,2016
1252,5,6,1,0,10,2016
1252,5,7,1,0,10,2016
1252,5,8,1,0,10,2016
1252,5,9,1,0,10,2016
1252,5,10,1,0,10,2016
1253,6,1,1,0,10,2016
1253,6,2,1,0,10,2016
1253,6,3,1,0,10,2016
1253,6,4,1,0,10,2016
1253,6,5,1,0,10,2016
1253,6,6,1,0,10,2016
1253,6,7,1,0,10,2016
1253,6,8,1,0,10,2016
1253,6,9,1,0,10,2016
1253,6,10,1,0,10,2016
1254,7,4,1,0,10,2016
1255,1,1,1,0,10,2016
1255,1,2,1,0,10,2016
1255,1,3,1,0,10,2016
1255,1,4,1,0,10,2016
1255,1,5,1,0,10,2016
1255,1,6,1,0,10,2016
1255,1,7,1,0,10,2016
1255,1,8,1,0,10,2016
1255,1,9,1,0,10,2016
1255,1,10,1,0,10,2016
1256,2,1,1,0,10,2016
1256,2,2,1,0,10,2016
1256,2,3,1,0,10,2016
1256,2,4,1,0,10,2016
1256,2,5,1,0,10,2016
1256,2,6,1,0,10,2016
1256,2,7,1,0,10,2016
1256,2,8,1,0,10,2016
1256,2,9,1,0,10,2016
1256,2,10,1,0,10,2016
1257,3,1,1,0,10,2016
1257,3,2,1,0,10,2016
1257,3,3,1,0,10,2016
1257,3,4,1,0,10,2016
1257,3,5,1,0,10,2016
1257,3,6,1,0,10,2016
1257,3,7,1,0,10,2016
1257,3,8,1,0,10,2016
1257,3,9,1,0,10,2016
1257,3,10,1,0,10,2016
1258,4,1,1,0,10,2016
1258,4,2,1,0,10,2016
1258,4,3,1,0,10,2016
1258,4,4,1,0,10,2016
1258,4,5,1,0,10,2016
1258,4,6,1,0,10,2016
1258,4,7,1,0,10,2016
1258,4,8,1,0,10,2016
1258,4,9,1,0,10,2016
1258,4,10,1,0,10,2016
1259,5,1,1,0,10,2016
1259,5,2,1,0,10,2016
1259,5,3,1,0,10,2016
1259,5,4,1,0,10,2016
1259,5,5,1,0,10,2016
1259,5,6,1,0,10,2016
1259,5,7,1,0,10,2016
1259,5,8,1,0,10,2016
1259,5,9,1,0,10,2016
1259,5,10,1,0,10,2016
1260,6,1,1,0,10,2016
1260,6,2,1,0,10,2016
1260,6,3,1,0,10,2016
1260,6,4,1,0,10,2016
1260,6,5,1,0,10,2016
1260,6,6,1,0,10,2016
1260,6,7,1,0,10,2016
1260,6,8,1,0,10,2016
1260,6,9,1,0,10,2016
1260,6,10,1,0,10,2016
1261,1,1,1,0,10,2016
1261,1,2,1,0,10,2016
1261,1,3,1,0,10,2016
1261,1,4,1,0,10,2016
1261,1,5,1,0,10,2016
1261,1,6,1,0,10,2016
1261,1,7,1,0,10,2016
1261,1,8,1,0,10,2016
1261,1,9,1,0,10,2016
1261,1,10,1,0,10,2016
1262,2,1,1,0,10,2016
1262,2,2,1,0,10,2016
1262,2,3,1,0,10,2016
1262,2,4,1,0,10,2016
1262,2,5,1,0,10,2016
1262,2,6,1,0,10,2016
1262,2,7,1,0,10,2016
1262,2,8,1,0,10,2016
1262,2,9,1,0,10,2016
1262,2,10,1,0,10,2016
1263,3,1,1,0,10,2016
1263,3,2,1,0,10,2016
1263,3,3,1,0,10,2016
1263,3,4,1,0,10,2016
1263,3,5,1,0,10,2016
1263,3,6,1,0,10,2016
1263,3,7,1,0,10,2016
1263,3,8,1,0,10,2016
1263,3,9,1,0,10,2016
1263,3,10,1,0,10,2016
1264,4,1,1,0,10,2016
1264,4,2,1,0,10,2016
1264,4,3,1,0,10,2016
1264,4,4,1,0,10,2016
1264,4,5,1,0,10,2016
1264,4,6,1,0,10,2016
1264,4,7,1,0,10,2016
1264,4,8,1,0,10,2016
1264,4,9,1,0,10,2016
1264,4,10,1,0,10,2016
1265,5,1,1,0,10,2016
1265,5,2,1,0,10,2016
1265,5,3,1,0,10,2016
1265,5,4,1,0,10,2016
1265,5,5,1,0,10,2016
1265,5,6,1,0,10,2016
1265,5,7,1,0,10,2016
1265,5,8,1,0,10,2016
1265,5,9,1,0,10,2016
1265,5,10,1,0,10,2016
1266,6,1,1,0,10,2016
1266,6,2,1,0,10,2016
1266,6,3,1,0,10,2016
1266,6,4,1,0,10,2016
1266,6,5,1,0,10,2016
1266,6,6,1,0,10,2016
1266,6,7,1,0,10,2016
1266,6,8,1,0,10,2016
1266,6,9,1,0,10,2016
1266,6,10,1,0,10,2016
1267,7,6,1,0,10,2016
1267,7,9,1,0,10,2016
1268,1,1,1,0,10,2016
1268,1,2,1,0,10,2016
1268,1,3,1,0,10,2016
1268,1,4,1,0,10,2016
1268,1,5,1,0,10,2016
1268,1,6,1,0,10,2016
1268,1,7,1,0,10,2016
1268,1,8,1,0,10,2016
1268,1,9,1,0,10,2016
1268,1,10,1,0,10,2016
1269,2,1,1,0,11,2016
1269,2,2,1,0,11,2016
1269,2,3,1,0,11,2016
1269,2,4,1,0,11,2016
1269,2,5,1,0,11,2016
1269,2,6,1,0,11,2016
1269,2,7,1,0,11,2016
1269,2,8,1,0,11,2016
1269,2,9,1,0,11,2016
1269,2,10,1,0,11,2016
1270,3,1,1,0,11,2016
1270,3,2,1,0,11,2016
1270,3,3,1,0,11,2016
1270,3,4,1,0,11,2016
1270,3,5,1,0,11,2016
1270,3,6,1,0,11,2016
1270,3,7,1,0,11,2016
1270,3,8,1,0,11,2016
1270,3,9,1,0,11,2016
1270,3,10,1,0,11,2016
1271,4,1,1,0,11,2016
1271,4,2,1,0,11,2016
1271,4,3,1,0,11,2016
1271,4,4,1,0,11,2016
1271,4,5,1,0,11,2016
1271,4,6,1,0,11,2016
1271,4,7,1,0,11,2016
1271,4,8,1,0,11,2016
1271,4,9,1,0,11,2016
1271,4,10,1,0,11,2016
1272,5,1,1,0,11,2016
1272,5,2,1,0,11,2016
1272,5,3,1,0,11,2016
1272,5,4,1,0,11,2016
1272,5,5,1,0,11,2016
1272,5,6,1,0,11,2016
1272,5,7,1,0,11,2016
1272,5,8,1,0,11,2016
1272,5,9,1,0,11,2016
1272,5,10,1,0,11,2016
1273,6,1,1,0,11,2016
1273,6,2,1,0,11,2016
1273,6,3,1,0,11,2016
1273,6,4,1,0,11,2016
1273,6,5,1,0,11,2016
1273,6,6,1,0,11,2016
1273,6,7,1,0,11,2016
1273,6,8,1,0,11,2016
1273,6,9,1,0,11,2016
1273,6,10,1,0,11,2016
1274,1,1,1,0,11,2016
1274,1,2,1,0,11,2016
1274,1,3,1,0,11,2016
1274,1,4,1,0,11,2016
1274,1,5,1,0,11,2016
1274,1,6,1,0,11,2016
1274,1,7,1,0,11,2016
1274,1,8,1,0,11,2016
1274,1,9,1,0,11,2016
1274,1,10,1,0,11,2016
1275,2,1,1,0,11,2016
1275,2,2,1,0,11,2016
1275,2,3,1,0,11,2016
1275,2,4,1,0,11,2016
1275,2,5,1,0,11,2016
1275,2,6,1,0,11,2016
1275,2,7,1,0,11,2016
1275,2,8,1,0,11,2016
1275,2,9,1,0,11,2016
1275,2,10,1,0,11,2016
1276,3,1,1,0,11,2016
1276,3,2,1,0,11,2016
1276,3,3,1,0,11,2016
1276,3,4,1,0,11,2016
1276,3,5,1,0,11,2016
1276,3,6,1,0,11,2016
1276,3,7,1,0,11,2016
1276,3,8,1,0,11,2016
1276,3,9,1,0,11,2016
1276,3,10,1,0,11,2016
1277,4,1,1,0,11,2016
1277,4,2,1,0,11,2016
1277,4,3,1,0,11,2016
1277,4,4,1,0,11,2016
1277,4,5,1,0,11,2016
1277,4,6,1,0,11,2016
1277,4,7,1,0,11,2016
1277,4,8,1,0,11,2016
1277,4,9,1,0,11,2016
1277,4,10,1,0,11,2016
1278,5,1,1,0,11,2016
1278,5,2,1,0,11,2016
1278,5,3,1,0,11,2016
1278,5,4,1,0,11,2016
1278,5,5,1,0,11,2016
1278,5,6,1,0,11,2016
1278,5,7,1,0,11,2016
1278,5,8,1,0,11,2016
1278,5,9,1,0,11,2016
1278,5,10,1,0,11,2016
1279,6,2,1,0,11,2016
1279,6,3,1,0,11,2016
1279,6,4,1,0,11,2016
1279,6,5,1,0,11,2016
1279,6,6,1,0,11,2016
1279,6,7,1,0,11,2016
1279,6,8,1,0,11,2016
1279,6,9,1,0,11,2016
1280,7,1,1,0,11,2016
1281,1,1,1,0,11,2016
1281,1,2,1,0,11,2016
1281,1,3,1,0,11,2016
1281,1,4,1,0,11,2016
1281,1,5,1,0,11,2016
1281,1,6,1,0,11,2016
1281,1,7,1,0,11,2016
1281,1,8,1,0,11,2016
1281,1,9,1,0,11,2016
1281,1,10,1,0,11,2016
1282,2,1,1,0,11,2016
1282,2,2,1,0,11,2016
1282,2,3,1,0,11,2016
1282,2,4,1,0,11,2016
1282,2,5,1,0,11,2016
1282,2,6,1,0,11,2016
1282,2,7,1,0,11,2016
1282,2,8,1,0,11,2016
1282,2,9,1,0,11,2016
1282,2,10,1,0,11,2016
1283,3,1,1,0,11,2016
1283,3,2,1,0,11,2016
1283,3,3,1,0,11,2016
1283,3,4,1,0,11,2016
1283,3,5,1,0,11,2016
1283,3,6,1,0,11,2016
1283,3,7,1,0,11,2016
1283,3,8,1,0,11,2016
1283,3,9,1,0,11,2016
1283,3,10,1,0,11,2016
1284,4,1,1,0,11,2016
1284,4,2,1,0,11,2016
1284,4,3,1,0,11,2016
1284,4,4,1,0,11,2016
1284,4,5,1,0,11,2016
1284,4,6,1,0,11,2016
1284,4,7,1,0,11,2016
1284,4,8,1,0,11,2016
1284,4,9,1,0,11,2016
1284,4,10,1,0,11,2016
1285,5,1,1,0,11,2016
1285,5,2,1,0,11,2016
1285,5,3,1,0,11,2016
1285,5,4,1,0,11,2016
1285,5,5,1,0,11,2016
1285,5,6,1,0,11,2016
1285,5,7,1,0,11,2016
1285,5,8,1,0,11,2016
1285,5,9,1,0,11,2016
1285,5,10,1,0,11,2016
1286,6,1,1,0,11,2016
1286,6,2,1,0,11,2016
1286,6,4,1,0,11,2016
1286,6,5,1,0,11,2016
1286,6,6,1,0,11,2016
1286,6,7,1,0,11,2016
1286,6,8,1,0,11,2016
1286,6,9,1,0,11,2016
1286,6,10,1,0,11,2016
1287,7,9,1,0,11,2016
1288,1,1,1,0,11,2016
1288,1,2,1,0,11,2016
1288,1,3,1,0,11,2016
1288,1,4,1,0,11,2016
1288,1,5,1,0,11,2016
1288,1,6,1,0,11,2016
1288,1,7,1,0,11,2016
1288,1,8,1,0,11,2016
1288,1,9,1,0,11,2016
1288,1,10,1,0,11,2016
1289,2,1,1,0,11,2016
1289,2,2,1,0,11,2016
1289,2,3,1,0,11,2016
1289,2,4,1,0,11,2016
1289,2,5,1,0,11,2016
1289,2,6,1,0,11,2016
1289,2,7,1,0,11,2016
1289,2,8,1,0,11,2016
1289,2,9,1,0,11,2016
1289,2,10,1,0,11,2016
1290,3,1,1,0,11,2016
1290,3,2,1,0,11,2016
1290,3,3,1,0,11,2016
1290,3,4,1,0,11,2016
1290,3,5,1,0,11,2016
1290,3,6,1,0,11,2016
1290,3,7,1,0,11,2016
1290,3,8,1,0,11,2016
1290,3,9,1,0,11,2016
1290,3,10,1,0,11,2016
1291,4,1,1,0,11,2016
1291,4,2,1,0,11,2016
1291,4,3,1,0,11,2016
1291,4,4,1,0,11,2016
1291,4,5,1,0,11,2016
1291,4,6,1,0,11,2016
1291,4,7,1,0,11,2016
1291,4,8,1,0,11,2016
1291,4,9,1,0,11,2016
1291,4,10,1,0,11,2016
1292,5,1,1,0,11,2016
1292,5,2,1,0,11,2016
1292,5,3,1,0,11,2016
1292,5,4,1,0,11,2016
1292,5,5,1,0,11,2016
1292,5,6,1,0,11,2016
1292,5,7,1,0,11,2016
1292,5,8,1,0,11,2016
1292,5,9,1,0,11,2016
1292,5,10,1,0,11,2016
1293,6,3,1,0,11,2016
1293,6,4,1,0,11,2016
1293,6,5,1,0,11,2016
1293,6,6,1,0,11,2016
1293,6,7,1,0,11,2016
1293,6,8,1,0,11,2016
1293,6,9,1,0,11,2016
1293,6,10,1,0,11,2016
1294,1,1,1,0,11,2016
1294,1,2,1,0,11,2016
1294,1,3,1,0,11,2016
1294,1,4,1,0,11,2016
1294,1,5,1,0,11,2016
1294,1,6,1,0,11,2016
1294,1,7,1,0,11,2016
1294,1,8,1,0,11,2016
1294,1,9,1,0,11,2016
1294,1,10,1,0,11,2016
1295,2,1,1,0,11,2016
1295,2,2,1,0,11,2016
1295,2,3,1,0,11,2016
1295,2,4,1,0,11,2016
1295,2,5,1,0,11,2016
1295,2,6,1,0,11,2016
1295,2,7,1,0,11,2016
1295,2,8,1,0,11,2016
1295,2,9,1,0,11,2016
1295,2,10,1,0,11,2016
1296,3,1,1,0,11,2016
1296,3,2,1,0,11,2016
1296,3,3,1,0,11,2016
1296,3,4,1,0,11,2016
1296,3,5,1,0,11,2016
1296,3,6,1,0,11,2016
1296,3,7,1,0,11,2016
1296,3,8,1,0,11,2016
1296,3,9,1,0,11,2016
1296,3,10,1,0,11,2016
1297,4,1,1,0,12,2016
1297,4,2,1,0,12,2016
1297,4,3,1,0,12,2016
1297,4,4,1,0,12,2016
1297,4,5,1,0,12,2016
1297,4,6,1,0,12,2016
1297,4,7,1,0,12,2016
1297,4,8,1,0,12,2016
1297,4,9,1,0,12,2016
1297,4,10,1,0,12,2016
1298,5,1,1,0,12,2016
1298,5,2,1,0,12,2016
1298,5,3,1,0,12,2016
1298,5,4,1,0,12,2016
1298,5,5,1,0,12,2016
1298,5,6,1,0,12,2016
1298,5,7,1,0,12,2016
1298,5,8,1,0,12,2016
1298,5,9,1,0,12,2016
1298,5,10,1,0,12,2016
1299,6,1,1,0,12,2016
1299,6,2,1,0,12,2016
1299,6,3,1,0,12,2016
1299,6,4,1,0,12,2016
1299,6,5,1,0,12,2016
1299,6,6,1,0,12,2016
1299,6,7,1,0,12,2016
1299,6,8,1,0,12,2016
1299,6,9,1,0,12,2016
1299,6,10,1,0,12,2016
1300,1,1,1,0,12,2016
1300,1,2,1,0,12,2016
1300,1,3,1,0,12,2016
1300,1,4,1,0,12,2016
1300,1,5,1,0,12,2016
1300,1,6,1,0,12,2016
1300,1,7,1,0,12,2016
1300,1,8,1,0,12,2016
1300,1,9,1,0,12,2016
1300,1,10,1,0,12,2016
1301,2,1,1,0,12,2016
1301,2,2,1,0,12,2016
1301,2,3,1,0,12,2016
1301,2,4,1,0,12,2016
1301,2,5,1,0,12,2016
1301,2,6,1,0,12,2016
1301,2,7,1,0,12,2016
1301,2,8,1,0,12,2016
1301,2,9,1,0,12,2016
1301,2,10,1,0,12,2016
1302,3,1,1,0,12,2016
1302,3,2,1,0,12,2016
1302,3,3,1,0,12,2016
1302,3,4,1,0,12,2016
1302,3,5,1,0,12,2016
1302,3,6,1,0,12,2016
1302,3,7,1,0,12,2016
1302,3,8,1,0,12,2016
1302,3,9,1,0,12,2016
1302,3,10,1,0,12,2016
1303,4,1,1,0,12,2016
1303,4,2,1,0,12,2016
1303,4,3,1,0,12,2016
1303,4,4,1,0,12,2016
1303,4,5,1,0,12,2016
1303,4,6,1,0,12,2016
1303,4,7,1,0,12,2016
1303,4,8,1,0,12,2016
1303,4,9,1,0,12,2016
1303,4,10,1,0,12,2016
1304,5,1,1,0,12,2016
1304,5,2,1,0,12,2016
1304,5,3,1,0,12,2016
1304,5,4,1,0,12,2016
1304,5,5,1,0,12,2016
1304,5,6,1,0,12,2016
1304,5,7,1,0,12,2016
1304,5,8,1,0,12,2016
1304,5,9,1,0,12,2016
1304,5,10,1,0,12,2016
1305,6,1,1,0,12,2016
1305,6,2,1,0,12,2016
1305,6,3,1,0,12,2016
1305,6,4,1,0,12,2016
1305,6,5,1,0,12,2016
1305,6,6,1,0,12,2016
1305,6,7,1,0,12,2016
1305,6,8,1,0,12,2016
1305,6,9,1,0,12,2016
1305,6,10,1,0,12,2016
1306,7,6,1,0,12,2016
1307,1,1,1,0,12,2016
1307,1,2,1,0,12,2016
1307,1,3,1,0,12,2016
1307,1,4,1,0,12,2016
1307,1,5,1,0,12,2016
1307,1,6,1,0,12,2016
1307,1,7,1,0,12,2016
1307,1,8,1,0,12,2016
1307,1,9,1,0,12,2016
1307,1,10,1,0,12,2016
1308,2,1,1,0,12,2016
1308,2,2,1,0,12,2016
1308,2,3,1,0,12,2016
1308,2,4,1,0,12,2016
1308,2,5,1,0,12,2016
1308,2,6,1,0,12,2016
1308,2,7,1,0,12,2016
1308,2,8,1,0,12,2016
1308,2,9,1,0,12,2016
1308,2,10,1,0,12,2016
1309,3,1,1,0,12,2016
1309,3,2,1,0,12,2016
1309,3,3,1,0,12,2016
1309,3,4,1,0,12,2016
1309,3,5,1,0,12,2016
1309,3,6,1,0,12,2016
1309,3,7,1,0,12,2016
1309,3,8,1,0,12,2016
1309,3,9,1,0,12,2016
1309,3,10,1,0,12,2016
1310,4,1,1,0,12,2016
1310,4,2,1,0,12,2016
1310,4,3,1,0,12,2016
1310,4,4,1,0,12,2016
1310,4,5,1,0,12,2016
1310,4,6,1,0,12,2016
1310,4,7,1,0,12,2016
1310,4,8,1,0,12,2016
1310,4,9,1,0,12,2016
1310,4,10,1,0,12,2016
1311,5,1,1,0,12,2016
1311,5,2,1,0,12,2016
1311,5,3,1,0,12,2016
1311,5,4,1,0,12,2016
1311,5,5,1,0,12,2016
1311,5,6,1,0,12,2016
1311,5,7,1,0,12,2016
1311,5,8,1,0,12,2016
1311,5,9,1,0,12,2016
1311,5,10,1,0,12,2016
1312,6,1,1,0,12,2016
1312,6,2,1,0,12,2016
1312,6,3,1,0,12,2016
1312,6,4,1,0,12,2016
1312,6,5,1,0,12,2016
1312,6,6,1,0,12,2016
1312,6,7,1,0,12,2016
1312,6,8,1,0,12,2016
1312,6,9,1,0,12,2016
1312,6,10,1,0,12,2016
1313,7,1,1,0,12,2016
1314,1,1,1,0,12,2016
1314,1,2,1,0,12,2016
1314,1,3,1,0,12,2016
1314,1,4,1,0,12,2016
1314,1,5,1,0,12,2016
1314,1,6,1,0,12,2016
1314,1,7,1,0,12,2016
1314,1,8,1,0,12,2016
1314,1,9,1,0,12,2016
1314,1,10,1,0,12,2016
1315,2,1,1,0,12,2016
1315,2,2,1,0,12,2016
1315,2,3,1,0,12,2016
1315,2,4,1,0,12,2016
1315,2,5,1,0,12,2016
1315,2,6,1,0,12,2016
1315,2,7,1,0,12,2016
1315,2,8,1,0,12,2016
1315,2,9,1,0,12,2016
1315,2,10,1,0,12,2016
1316,3,1,1,0,12,2016
1316,3,2,1,0,12,2016
1316,3,3,1,0,12,2016
1316,3,4,1,0,12,2016
1316,3,5,1,0,12,2016
1316,3,6,1,0,12,2016
1316,3,7,1,0,12,2016
1316,3,8,1,0,12,2016
1316,3,9,1,0,12,2016
1316,3,10,1,0,12,2016
1317,4,1,1,0,12,2016
1317,4,2,1,0,12,2016
1317,4,3,1,0,12,2016
1317,4,4,1,0,12,2016
1317,4,5,1,0,12,2016
1317,4,6,1,0,12,2016
1317,4,7,1,0,12,2016
1317,4,8,1,0,12,2016
1317,4,9,1,0,12,2016
1317,4,10,1,0,12,2016
1318,5,1,1,0,12,2016
1318,5,2,1,0,12,2016
1318,5,3,1,0,12,2016
1318,5,4,1,0,12,2016
1318,5,5,1,0,12,2016
1318,5,6,1,0,12,2016
1318,5,7,1,0,12,2016
1318,5,8,1,0,12,2016
1318,5,9,1,0,12,2016
1318,5,10,1,0,12,2016
1319,6,1,1,0,12,2016
1319,6,2,1,0,12,2016
1319,6,3,1,0,12,2016
1319,6,4,1,0,12,2016
1319,6,5,1,0,12,2016
1319,6,6,1,0,12,2016
1319,6,7,1,0,12,2016
1319,6,8,1,0,12,2016
1319,6,9,1,0,12,2016
1319,6,10,1,0,12,2016
1320,7,9,1,0,12,2016
1321,1,1,1,0,12,2016
1321,1,2,1,0,12,2016
1321,1,3,1,0,12,2016
1321,1,4,1,0,12,2016
1321,1,5,1,0,12,2016
1321,1,6,1,0,12,2016
1321,1,7,1,0,12,2016
1321,1,8,1,0,12,2016
1321,1,9,1,0,12,2016
1321,1,10,1,0,12,2016
1322,2,1,1,0,12,2016
1322,2,2,1,0,12,2016
1322,2,3,1,0,12,2016
1322,2,4,1,0,12,2016
1322,2,5,1,0,12,2016
1322,2,6,1,0,12,2016
1322,2,7,1,0,12,2016
1322,2,8,1,0,12,2016
1322,2,9,1,0,12,2016
1322,2,10,1,0,12,2016
1323,3,1,1,0,12,2016
1323,3,2,1,0,12,2016
1323,3,3,1,0,12,2016
1323,3,4,1,0,12,2016
1323,3,5,1,0,12,2016
1323,3,6,1,0,12,2016
1323,3,7,1,0,12,2016
1323,3,8,1,0,12,2016
1323,3,9,1,0,12,2016
1323,3,10,1,0,12,2016
1324,4,1,1,0,12,2016
1324,4,2,1,0,12,2016
1324,4,3,1,0,12,2016
1324,4,4,1,0,12,2016
1324,4,5,1,0,12,2016
1324,4,6,1,0,12,2016
1324,4,7,1,0,12,2016
1324,4,8,1,0,12,2016
1324,4,9,1,0,12,2016
1324,4,10,1,0,12,2016
1325,5,1,1,0,12,2016
1325,5,2,1,0,12,2016
1325,5,3,1,0,12,2016
1325,5,4,1,0,12,2016
1325,5,5,1,0,12,2016
1325,5,6,1,0,12,2016
1325,5,7,1,0,12,2016
1325,5,8,1,0,12,2016
1325,5,9,1,0,12,2016
1325,5,10,1,0,12,2016
1326,6,6,0,0,12,2016
1326,6,9,0,0,12,2016
1327,7,4,0,0,1,2017
1327,7,6,0,0,1,2017
1327,7,9,0,0,1,2017
1328,1,1,0,0,1,2017
1328,1,4,0,0,1,2017
1328,1,5,0,0,1,2017
1328,1,6,0,0,1,2017
1328,1,8,0,0,1,2017
1328,1,9,0,0,1,2017
1329,2,1,1,0,1,2017
1329,2,2,1,0,1,2017
1329,2,3,1,0,1,2017
1329,2,4,1,0,1,2017
1329,2,5,1,0,1,2017
1329,2,6,1,0,1,2017
1329,2,7,1,0,1,2017
1329,2,8,1,0,1,2017
1329,2,9,1,0,1,2017
1329,2,10,1,0,1,2017
1330,3,1,1,0,1,2017
1330,3,2,1,0,1,2017
1330,3,3,1,0,1,2017
1330,3,4,1,0,1,2017
1330,3,5,1,0,1,2017
1330,3,6,1,0,1,2017
1330,3,7,1,0,1,2017
1330,3,8,1,0,1,2017
1330,3,9,1,0,1,2017
1330,3,10,1,0,1,2017
1331,4,1,1,0,1,2017
1331,4,2,1,0,1,2017
1331,4,3,1,0,1,2017
1331,4,4,1,0,1,2017
1331,4,5,1,0,1,2017
1331,4,6,1,0,1,2017
1331,4,7,1,0,1,2017
1331,4,8,1,0,1,2017
1331,4,9,1,0,1,2017
1331,4,10,1,0,1,2017
1332,5,1,1,0,1,2017
1332,5,2,1,0,1,2017
1332,5,3,1,0,1,2017
1332,5,4,1,0,1,2017
1332,5,5,1,0,1,2017
1332,5,6,1,0,1,2017
1332,5,7,1,0,1,2017
1332,5,8,1,0,1,2017
1332,5,9,1,0,1,2017
1332,5,10,1,0,1,2017
1333,6,1,1,0,1,2017
1333,6,2,1,0,1,2017
1333,6,3,1,0,1,2017
1333,6,4,1,0,1,2017
1333,6,5,1,0,1,2017
1333,6,6,1,0,1,2017
1333,6,7,1,0,1,2017
1333,6,8,1,0,1,2017
1333,6,9,1,0,1,2017
1333,6,10,1,0,1,2017
1334,1,1,1,0,1,2017
1334,1,2,1,0,1,2017
1334,1,3,1,0,1,2017
1334,1,4,1,0,1,2017
1334,1,5,1,0,1,2017
1334,1,6,1,0,1,2017
1334,1,7,1,0,1,2017
1334,1,8,1,0,1,2017
1334,1,9,1,0,1,2017
1334,1,10,1,0,1,2017
1335,2,1,1,0,1,2017
1335,2,2,1,0,1,2017
1335,2,3,1,0,1,2017
1335,2,4,1,0,1,2017
1335,2,5,1,0,1,2017
1335,2,6,1,0,1,2017
1335,2,7,1,0,1,2017
1335,2,8,1,0,1,2017
1335,2,9,1,0,1,2017
1335,2,10,1,0,1,2017
1336,3,1,1,0,1,2017
1336,3,2,1,0,1,2017
1336,3,3,1,0,1,2017
1336,3,4,1,0,1,2017
1336,3,5,1,0,1,2017
1336,3,6,1,0,1,2017
1336,3,7,1,0,1,2017
1336,3,8,1,0,1,2017
1336,3,9,1,0,1,2017
1336,3,10,1,0,1,2017
1337,4,1,1,0,1,2017
1337,4,2,1,0,1,2017
1337,4,3,1,0,1,2017
1337,4,4,1,0,1,2017
1337,4,5,1,0,1,2017
1337,4,6,1,0,1,2017
1337,4,7,1,0,1,2017
1337,4,8,1,0,1,2017
1337,4,9,1,0,1,2017
1337,4,10,1,0,1,2017
1338,5,1,1,0,1,2017
1338,5,2,1,0,1,2017
1338,5,3,1,0,1,2017
1338,5,4,1,0,1,2017
1338,5,5,1,0,1,2017
1338,5,6,1,0,1,2017
1338,5,7,1,0,1,2017
1338,5,8,1,0,1,2017
1338,5,9,1,0,1,2017
1338,5,10,1,0,1,2017
1339,6,1,1,0,1,2017
1339,6,2,1,0,1,2017
1339,6,3,1,0,1,2017
1339,6,4,1,0,1,2017
1339,6,5,1,0,1,2017
1339,6,6,1,0,1,2017
1339,6,7,1,0,1,2017
1339,6,8,1,0,1,2017
1339,6,9,1,0,1,2017
1340,7,5,1,0,1,2017
1340,7,6,1,0,1,2017
1340,7,9,1,0,1,2017
1341,1,1,1,0,1,2017
1341,1,2,1,0,1,2017
1341,1,3,1,0,1,2017
1341,1,4,1,0,1,2017
1341,1,5,1,0,1,2017
1341,1,6,1,0,1,2017
1341,1,7,1,0,1,2017
1341,1,8,1,0,1,2017
1341,1,9,1,0,1,2017
1341,1,10,1,0,1,2017
1342,2,1,1,0,1,2017
1342,2,2,1,0,1,2017
1342,2,3,1,0,1,2017
1342,2,4,1,0,1,2017
1342,2,5,1,0,1,2017
1342,2,6,1,0,1,2017
1342,2,7,1,0,1,2017
1342,2,8,1,0,1,2017
1342,2,9,1,0,1,2017
1342,2,10,1,0,1,2017
1343,3,1,1,0,1,2017
1343,3,2,1,0,1,2017
1343,3,3,1,0,1,2017
1343,3,4,1,0,1,2017
1343,3,5,1,0,1,2017
1343,3,6,1,0,1,2017
1343,3,7,1,0,1,2017
1343,3,8,1,0,1,2017
1343,3,9,1,0,1,2017
1343,3,10,1,0,1,2017
1344,4,1,1,0,1,2017
1344,4,2,1,0,1,2017
1344,4,3,1,0,1,2017
1344,4,4,1,0,1,2017
1344,4,5,1,0,1,2017
1344,4,6,1,0,1,2017
1344,4,7,1,0,1,2017
1344,4,8,1,0,1,2017
1344,4,9,1,0,1,2017
1344,4,10,1,0,1,2017
1345,5,1,1,0,1,2017
1345,5,2,1,0,1,2017
1345,5,3,1,0,1,2017
1345,5,4,1,0,1,2017
1345,5,5,1,0,1,2017
1345,5,6,1,0,1,2017
1345,5,7,1,0,1,2017
1345,5,8,1,0,1,2017
1345,5,9,1,0,1,2017
1345,5,10,1,0,1,2017
1346,6,1,1,0,1,2017
1346,6,2,1,0,1,2017
1346,6,3,1,0,1,2017
1346,6,4,1,0,1,2017
1346,6,5,1,0,1,2017
1346,6,6,1,0,1,2017
1346,6,7,1,0,1,2017
1346,6,8,1,0,1,2017
1346,6,9,1,0,1,2017
1346,6,10,1,0,1,2017
1347,7,1,1,1,1,2017
1347,7,2,1,1,1,2017
1347,7,3,1,1,1,2017
1347,7,4,1,1,1,2017
1347,7,5,1,1,1,2017
1347,7,6,1,1,1,2017
1347,7,7,1,1,1,2017
1347,7,8,1,1,1,2017
1347,7,9,1,1,1,2017
1347,7,10,1,1,1,2017
1348,1,1,1,0,1,2017
1348,1,2,1,0,1,2017
1348,1,3,1,0,1,2017
1348,1,4,1,0,1,2017
1348,1,5,1,0,1,2017
1348,1,6,1,0,1,2017
1348,1,7,1,0,1,2017
1348,1,8,1,0,1,2017
1348,1,9,1,0,1,2017
1348,1,10,1,0,1,2017
1349,2,1,1,0,1,2017
1349,2,2,1,0,1,2017
1349,2,3,1,0,1,2017
1349,2,4,1,0,1,2017
1349,2,5,1,0,1,2017
1349,2,6,1,0,1,2017
1349,2,7,1,0,1,2017
1349,2,8,1,0,1,2017
1349,2,9,1,0,1,2017
1349,2,10,1,0,1,2017
1350,3,1,1,0,1,2017
1350,3,2,1,0,1,2017
1350,3,3,1,0,1,2017
1350,3,4,1,0,1,2017
1350,3,5,1,0,1,2017
1350,3,6,1,0,1,2017
1350,3,7,1,0,1,2017
1350,3,8,1,0,1,2017
1350,3,9,1,0,1,2017
1350,3,10,1,0,1,2017
1351,4,1,1,0,1,2017
1351,4,2,1,0,1,2017
1351,4,3,1,0,1,2017
1351,4,4,1,0,1,2017
1351,4,5,1,0,1,2017
1351,4,6,1,0,1,2017
1351,4,7,1,0,1,2017
1351,4,8,1,0,1,2017
1351,4,9,1,0,1,2017
1351,4,10,1,0,1,2017
1352,4,2,0,0,2,2017
1352,4,8,0,0,2,2017
1352,4,9,0,0,2,2017
1352,4,10,0,0,2,2017
1353,5,1,1,0,2,2017
1353,5,2,1,0,2,2017
1353,5,3,1,0,2,2017
1353,5,4,1,0,2,2017
1353,5,5,1,0,2,2017
1353,5,6,1,0,2,2017
1353,5,7,1,0,2,2017
1353,5,8,1,0,2,2017
1353,5,9,1,0,2,2017
1353,5,10,1,0,2,2017
1354,6,1,1,1,2,2017
1354,6,2,1,1,2,2017
1354,6,3,1,1,2,2017
1354,6,4,1,1,2,2017
1354,6,5,1,1,2,2017
1354,6,6,1,1,2,2017
1354,6,7,1,1,2,2017
1354,6,8,1,1,2,2017
1354,6,9,1,1,2,2017
1354,6,10,1,1,2,2017
1355,7,5,1,0,2,2017
1355,7,8,1,0,2,2017
1355,7,9,1,0,2,2017
1356,1,1,1,0,2,2017
1356,1,2,1,0,2,2017
1356,1,3,1,0,2,2017
1356,1,4,1,0,2,2017
1356,1,5,1,0,2,2017
1356,1,6,1,0,2,2017
1356,1,7,1,0,2,2017
1356,1,8,1,0,2,2017
1356,1,9,1,0,2,2017
1356,1,10,1,0,2,2017
1357,2,1,1,0,2,2017
1357,2,2,1,0,2,2017
1357,2,3,1,0,2,2017
1357,2,4,1,0,2,2017
1357,2,5,1,0,2,2017
1357,2,6,1,0,2,2017
1357,2,7,1,0,2,2017
1357,2,8,1,0,2,2017
1357,2,9,1,0,2,2017
1357,2,10,1,0,2,2017
1358,3,1,1,0,2,2017
1358,3,2,1,0,2,2017
1358,3,3,1,0,2,2017
1358,3,4,1,0,2,2017
1358,3,5,1,0,2,2017
1358,3,6,1,0,2,2017
1358,3,7,1,0,2,2017
1358,3,8,1,0,2,2017
1358,3,9,1,0,2,2017
1358,3,10,1,0,2,2017
1359,4,1,1,0,2,2017
1359,4,2,1,0,2,2017
1359,4,3,1,0,2,2017
1359,4,4,1,0,2,2017
1359,4,5,1,0,2,2017
1359,4,6,1,0,2,2017
1359,4,7,1,0,2,2017
1359,4,8,1,0,2,2017
1359,4,9,1,0,2,2017
1359,4,10,1,0,2,2017
1360,5,1,1,0,2,2017
1360,5,2,1,0,2,2017
1360,5,3,1,0,2,2017
1360,5,4,1,0,2,2017
1360,5,5,1,0,2,2017
1360,5,6,1,0,2,2017
1360,5,7,1,0,2,2017
1360,5,8,1,0,2,2017
1360,5,9,1,0,2,2017
1360,5,10,1,0,2,2017
1361,6,1,1,0,2,2017
1361,6,2,1,0,2,2017
1361,6,3,1,0,2,2017
1361,6,4,1,0,2,2017
1361,6,5,1,0,2,2017
1361,6,6,1,0,2,2017
1361,6,7,1,0,2,2017
1361,6,8,1,0,2,2017
1361,6,9,1,0,2,2017
1361,6,10,1,0,2,2017
1362,7,6,1,0,2,2017
1363,1,1,1,0,2,2017
1363,1,2,1,0,2,2017
1363,1,3,1,0,2,2017
1363,1,4,1,0,2,2017
1363,1,5,1,0,2,2017
1363,1,6,1,0,2,2017
1363,1,7,1,0,2,2017
1363,1,8,1,0,2,2017
1363,1,9,1,0,2,2017
1363,1,10,1,0,2,2017
1364,2,1,1,0,2,2017
1364,2,2,1,0,2,2017
1364,2,3,1,0,2,2017
1364,2,4,1,0,2,2017
1364,2,5,1,0,2,2017
1364,2,6,1,0,2,2017
1364,2,7,1,0,2,2017
1364,2,8,1,0,2,2017
1364,2,9,1,0,2,2017
1364,2,10,1,0,2,2017
1365,3,1,1,0,2,2017
1365,3,2,1,0,2,2017
1365,3,3,1,0,2,2017
1365,3,4,1,0,2,2017
1365,3,5,1,0,2,2017
1365,3,6,1,0,2,2017
1365,3,7,1,0,2,2017
1365,3,8,1,0,2,2017
1365,3,9,1,0,2,2017
1365,3,10,1,0,2,2017
1366,4,1,1,0,2,2017
1366,4,2,1,0,2,2017
1366,4,3,1,0,2,2017
1366,4,4,1,0,2,2017
1366,4,5,1,0,2,2017
1366,4,6,1,0,2,2017
1366,4,7,1,0,2,2017
1366,4,8,1,0,2,2017
1366,4,9,1,0,2,2017
1366,4,10,1,0,2,2017
1367,5,1,1,0,2,2017
1367,5,2,1,0,2,2017
1367,5,3,1,0,2,2017
1367,5,4,1,0,2,2017
1367,5,5,1,0,2,2017
1367,5,6,1,0,2,2017
1367,5,7,1,0,2,2017
1367,5,8,1,0,2,2017
1367,5,9,1,0,2,2017
1367,5,10,1,0,2,2017
1368,6,1,1,0,2,2017
1368,6,2,1,0,2,2017
1368,6,3,1,0,2,2017
1368,6,4,1,0,2,2017
1368,6,5,1,0,2,2017
1368,6,6,1,0,2,2017
1368,6,7,1,0,2,2017
1368,6,8,1,0,2,2017
1368,6,9,1,0,2,2017
1368,6,10,1,0,2,2017
1369,7,5,1,0,2,2017
1369,7,6,1,0,2,2017
1370,1,1,1,0,2,2017
1370,1,2,1,0,2,2017
1370,1,3,1,0,2,2017
1370,1,4,1,0,2,2017
1370,1,5,1,0,2,2017
1370,1,6,1,0,2,2017
1370,1,7,1,0,2,2017
1370,1,8,1,0,2,2017
1370,1,9,1,0,2,2017
1370,1,10,1,0,2,2017
1371,2,1,1,0,2,2017
1371,2,2,1,0,2,2017
1371,2,3,1,0,2,2017
1371,2,4,1,0,2,2017
1371,2,5,1,0,2,2017
1371,2,6,1,0,2,2017
1371,2,7,1,0,2,2017
1371,2,8,1,0,2,2017
1371,2,9,1,0,2,2017
1371,2,10,1,0,2,2017
1372,3,1,1,0,2,2017
1372,3,2,1,0,2,2017
1372,3,3,1,0,2,2017
1372,3,4,1,0,2,2017
1372,3,5,1,0,2,2017
1372,3,6,1,0,2,2017
1372,3,7,1,0,2,2017
1372,3,8,1,0,2,2017
1372,3,9,1,0,2,2017
1372,3,10,1,0,2,2017
1373,4,1,1,0,2,2017
1373,4,2,1,0,2,2017
1373,4,3,1,0,2,2017
1373,4,4,1,0,2,2017
1373,4,5,1,0,2,2017
1373,4,6,1,0,2,2017
1373,4,7,1,0,2,2017
1373,4,8,1,0,2,2017
1373,4,9,1,0,2,2017
1373,4,10,1,0,2,2017
1374,5,1,1,0,2,2017
1374,5,2,1,0,2,2017
1374,5,3,1,0,2,2017
1374,5,4,1,0,2,2017
1374,5,5,1,0,2,2017
1374,5,6,1,0,2,2017
1374,5,7,1,0,2,2017
1374,5,8,1,0,2,2017
1374,5,9,1,0,2,2017
1374,5,10,1,0,2,2017
1375,6,1,1,0,2,2017
1375,6,2,1,0,2,2017
1375,6,3,1,0,2,2017
1375,6,4,1,0,2,2017
1375,6,5,1,0,2,2017
1375,6,6,1,0,2,2017
1375,6,7,1,0,2,2017
1375,6,8,1,0,2,2017
1375,6,9,1,0,2,2017
1375,6,10,1,0,2,2017
1376,7,9,1,0,2,2017
1377,1,1,1,0,2,2017
1377,1,2,1,0,2,2017
1377,1,3,1,0,2,2017
1377,1,4,1,0,2,2017
1377,1,5,1,0,2,2017
1377,1,6,1,0,2,2017
1377,1,7,1,0,2,2017
1377,1,8,1,0,2,2017
1377,1,9,1,0,2,2017
1377,1,10,1,0,2,2017
1378,2,1,1,0,2,2017
1378,2,2,1,0,2,2017
1378,2,3,1,0,2,2017
1378,2,4,1,0,2,2017
1378,2,5,1,0,2,2017
1378,2,6,1,0,2,2017
1378,2,7,1,0,2,2017
1378,2,8,1,0,2,2017
1378,2,9,1,0,2,2017
1378,2,10,1,0,2,2017
1379,3,1,1,0,3,2017
1379,3,2,1,0,3,2017
1379,3,3,1,0,3,2017
1379,3,4,1,0,3,2017
1379,3,5,1,0,3,2017
1379,3,6,1,0,3,2017
1379,3,7,1,0,3,2017
1379,3,8,1,0,3,2017
1379,3,9,1,0,3,2017
1379,3,10,1,0,3,2017
1380,4,1,1,0,3,2017
1380,4,2,1,0,3,2017
1380,4,3,1,0,3,2017
1380,4,4,1,0,3,2017
1380,4,5,1,0,3,2017
1380,4,6,1,0,3,2017
1380,4,7,1,0,3,2017
1380,4,8,1,0,3,2017
1380,4,9,1,0,3,2017
1380,4,10,1,0,3,2017
1381,5,1,1,0,3,2017
1381,5,2,1,0,3,2017
1381,5,3,1,0,3,2017
1381,5,4,1,0,3,2017
1381,5,5,1,0,3,2017
1381,5,6,1,0,3,2017
1381,5,7,1,0,3,2017
1381,5,8,1,0,3,2017
1381,5,9,1,0,3,2017
1381,5,10,1,0,3,2017
1382,6,1,1,0,3,2017
1382,6,2,1,0,3,2017
1382,6,3,1,0,3,2017
1382,6,4,1,0,3,2017
1382,6,5,1,0,3,2017
1382,6,6,1,0,3,2017
1382,6,7,1,0,3,2017
1382,6,8,1,0,3,2017
1382,6,9,1,0,3,2017
1383,7,1,1,0,3,2017
1383,7,2,1,0,3,2017
1383,7,6,1,0,3,2017
1384,1,1,1,0,3,2017
1384,1,2,1,0,3,2017
1384,1,3,1,0,3,2017
1384,1,4,1,0,3,2017
1384,1,5,1,0,3,2017
1384,1,6,1,0,3,2017
1384,1,7,1,0,3,2017
1384,1,8,1,0,3,2017
1384,1,9,1,0,3,2017
1384,1,10,1,0,3,2017
1385,2,1,1,0,3,2017
1385,2,2,1,0,3,2017
1385,2,3,1,0,3,2017
1385,2,4,1,0,3,2017
1385,2,5,1,0,3,2017
1385,2,6,1,0,3,2017
1385,2,7,1,0,3,2017
1385,2,8,1,0,3,2017
1385,2,9,1,0,3,2017
1385,2,10,1,0,3,2017
1386,3,1,1,0,3,2017
1386,3,2,1,0,3,2017
1386,3,3,1,0,3,2017
1386,3,4,1,0,3,2017
1386,3,5,1,0,3,2017
1386,3,6,1,0,3,2017
1386,3,7,1,0,3,2017
1386,3,8,1,0,3,2017
1386,3,9,1,0,3,2017
1386,3,10,1,0,3,2017
1387,4,1,1,0,3,2017
1387,4,2,1,0,3,2017
1387,4,3,1,0,3,2017
1387,4,4,1,0,3,2017
1387,4,5,1,0,3,2017
1387,4,6,1,0,3,2017
1387,4,7,1,0,3,2017
1387,4,8,1,0,3,2017
1387,4,9,1,0,3,2017
1387,4,10,1,0,3,2017
1388,5,1,1,0,3,2017
1388,5,2,1,0,3,2017
1388,5,3,1,0,3,2017
1388,5,4,1,0,3,2017
1388,5,5,1,0,3,2017
1388,5,6,1,0,3,2017
1388,5,7,1,0,3,2017
1388,5,8,1,0,3,2017
1388,5,9,1,0,3,2017
1388,5,10,1,0,3,2017
1389,6,1,1,0,3,2017
1389,6,2,1,0,3,2017
1389,6,3,1,0,3,2017
1389,6,4,1,0,3,2017
1389,6,5,1,0,3,2017
1389,6,6,1,0,3,2017
1389,6,7,1,0,3,2017
1389,6,8,1,0,3,2017
1389,6,9,1,0,3,2017
1389,6,10,1,0,3,2017
1390,1,1,1,0,3,2017
1390,1,2,1,0,3,2017
1390,1,3,1,0,3,2017
1390,1,4,1,0,3,2017
1390,1,5,1,0,3,2017
1390,1,6,1,0,3,2017
1390,1,7,1,0,3,2017
1390,1,8,1,0,3,2017
1390,1,9,1,0,3,2017
1390,1,10,1,0,3,2017
1391,2,1,1,0,3,2017
1391,2,2,1,0,3,2017
1391,2,3,1,0,3,2017
1391,2,4,1,0,3,2017
1391,2,5,1,0,3,2017
1391,2,6,1,0,3,2017
1391,2,7,1,0,3,2017
1391,2,8,1,0,3,2017
1391,2,9,1,0,3,2017
1391,2,10,1,0,3,2017
1392,3,1,1,0,3,2017
1392,3,2,1,0,3,2017
1392,3,3,1,0,3,2017
1392,3,4,1,0,3,2017
1392,3,5,1,0,3,2017
1392,3,6,1,0,3,2017
1392,3,7,1,0,3,2017
1392,3,8,1,0,3,2017
1392,3,9,1,0,3,2017
1392,3,10,1,0,3,2017
1393,4,1,1,0,3,2017
1393,4,2,1,0,3,2017
1393,4,3,1,0,3,2017
1393,4,4,1,0,3,2017
1393,4,5,1,0,3,2017
1393,4,6,1,0,3,2017
1393,4,7,1,0,3,2017
1393,4,8,1,0,3,2017
1393,4,9,1,0,3,2017
1393,4,10,1,0,3,2017
1394,5,1,1,0,3,2017
1394,5,2,1,0,3,2017
1394,5,3,1,0,3,2017
1394,5,4,1,0,3,2017
1394,5,5,1,0,3,2017
1394,5,6,1,0,3,2017
1394,5,7,1,0,3,2017
1394,5,8,1,0,3,2017
1394,5,9,1,0,3,2017
1394,5,10,1,0,3,2017
1395,6,1,1,0,3,2017
1395,6,2,1,0,3,2017
1395,6,3,1,0,3,2017
1395,6,4,1,0,3,2017
1395,6,5,1,0,3,2017
1395,6,6,1,0,3,2017
1395,6,7,1,0,3,2017
1395,6,8,1,0,3,2017
1395,6,9,1,0,3,2017
1395,6,10,1,0,3,2017
1396,7,4,1,0,3,2017
1396,7,6,1,0,3,2017
1397,1,1,1,0,3,2017
1397,1,2,1,0,3,2017
1397,1,3,1,0,3,2017
1397,1,4,1,0,3,2017
1397,1,5,1,0,3,2017
1397,1,6,1,0,3,2017
1397,1,7,1,0,3,2017
1397,1,8,1,0,3,2017
1397,1,9,1,0,3,2017
1397,1,10,1,0,3,2017
1398,2,1,1,0,3,2017
1398,2,2,1,0,3,2017
1398,2,3,1,0,3,2017
1398,2,4,1,0,3,2017
1398,2,5,1,0,3,2017
1398,2,6,1,0,3,2017
1398,2,7,1,0,3,2017
1398,2,8,1,0,3,2017
1398,2,9,1,0,3,2017
1398,2,10,1,0,3,2017
1399,3,1,1,0,3,2017
1399,3,2,1,0,3,2017
1399,3,3,1,0,3,2017
1399,3,4,1,0,3,2017
1399,3,5,1,0,3,2017
1399,3,6,1,0,3,2017
1399,3,7,1,0,3,2017
1399,3,8,1,0,3,2017
1399,3,9,1,0,3,2017
1399,3,10,1,0,3,2017
1400,4,1,1,0,3,2017
1400,4,2,1,0,3,2017
1400,4,3,1,0,3,2017
1400,4,4,1,0,3,2017
1400,4,5,1,0,3,2017
1400,4,6,1,0,3,2017
1400,4,7,1,0,3,2017
1400,4,8,1,0,3,2017
1400,4,9,1,0,3,2017
1400,4,10,1,0,3,2017
1401,5,1,1,0,3,2017
1401,5,2,1,0,3,2017
1401,5,3,1,0,3,2017
1401,5,4,1,0,3,2017
1401,5,5,1,0,3,2017
1401,5,6,1,0,3,2017
1401,5,7,1,0,3,2017
1401,5,8,1,0,3,2017
1401,5,9,1,0,3,2017
1401,5,10,1,0,3,2017
1402,6,1,1,0,3,2017
1402,6,3,1,0,3,2017
1402,6,4,1,0,3,2017
1402,6,5,1,0,3,2017
1402,6,6,1,0,3,2017
1402,6,7,1,0,3,2017
1402,6,8,1,0,3,2017
1402,6,9,1,0,3,2017
1402,6,10,1,0,3,2017
1403,1,1,1,0,3,2017
1403,1,2,1,0,3,2017
1403,1,3,1,0,3,2017
1403,1,4,1,0,3,2017
1403,1,5,1,0,3,2017
1403,1,6,1,0,3,2017
1403,1,7,1,0,3,2017
1403,1,8,1,0,3,2017
1403,1,9,1,0,3,2017
1403,1,10,1,0,3,2017
1404,2,1,1,0,3,2017
1404,2,2,1,0,3,2017
1404,2,3,1,0,3,2017
1404,2,4,1,0,3,2017
1404,2,5,1,0,3,2017
1404,2,6,1,0,3,2017
1404,2,7,1,0,3,2017
1404,2,8,1,0,3,2017
1404,2,9,1,0,3,2017
1404,2,10,1,0,3,2017
1405,3,1,1,0,3,2017
1405,3,2,1,0,3,2017
1405,3,3,1,0,3,2017
1405,3,4,1,0,3,2017
1405,3,5,1,0,3,2017
1405,3,6,1,0,3,2017
1405,3,7,1,0,3,2017
1405,3,8,1,0,3,2017
1405,3,9,1,0,3,2017
1405,3,10,1,0,3,2017
1406,4,1,1,0,3,2017
1406,4,2,1,0,3,2017
1406,4,3,1,0,3,2017
1406,4,4,1,0,3,2017
1406,4,5,1,0,3,2017
1406,4,6,1,0,3,2017
1406,4,7,1,0,3,2017
1406,4,8,1,0,3,2017
1406,4,9,1,0,3,2017
1406,4,10,1,0,3,2017
1407,5,1,1,0,3,2017
1407,5,2,1,0,3,2017
1407,5,3,1,0,3,2017
1407,5,4,1,0,3,2017
1407,5,5,1,0,3,2017
1407,5,6,1,0,3,2017
1407,5,7,1,0,3,2017
1407,5,8,1,0,3,2017
1407,5,9,1,0,3,2017
1407,5,10,1,0,3,2017
1408,6,1,1,1,4,2017
1408,6,2,1,1,4,2017
1408,6,3,1,1,4,2017
1408,6,4,1,1,4,2017
1408,6,5,1,1,4,2017
1408,6,6,1,1,4,2017
1408,6,7,1,1,4,2017
1408,6,8,1,1,4,2017
1408,6,9,1,1,4,2017
1408,6,10,1,1,4,2017
1409,7,6,0,0,4,2017
1409,7,8,0,0,4,2017
1409,7,9,0,0,4,2017
1409,7,10,0,0,4,2017
1410,1,9,0,0,4,2017
1411,3,1,1,0,4,2017
1411,3,2,1,0,4,2017
1411,3,3,1,0,4,2017
1411,3,4,1,0,4,2017
1411,3,5,1,0,4,2017
1411,3,6,1,0,4,2017
1411,3,7,1,0,4,2017
1411,3,8,1,0,4,2017
1411,3,9,1,0,4,2017
1411,3,10,1,0,4,2017
1412,4,1,1,0,4,2017
1412,4,2,1,0,4,2017
1412,4,3,1,0,4,2017
1412,4,4,1,0,4,2017
1412,4,5,1,0,4,2017
1412,4,6,1,0,4,2017
1412,4,7,1,0,4,2017
1412,4,8,1,0,4,2017
1412,4,9,1,0,4,2017
1412,4,10,1,0,4,2017
1413,5,1,1,0,4,2017
1413,5,2,1,0,4,2017
1413,5,3,1,0,4,2017
1413,5,4,1,0,4,2017
1413,5,5,1,0,4,2017
1413,5,6,1,0,4,2017
1413,5,7,1,0,4,2017
1413,5,8,1,0,4,2017
1413,5,9,1,0,4,2017
1413,5,10,1,0,4,2017
1414,6,1,1,0,4,2017
1414,6,2,1,0,4,2017
1414,6,3,1,0,4,2017
1414,6,5,1,0,4,2017
1414,6,6,1,0,4,2017
1414,6,7,1,0,4,2017
1414,6,8,1,0,4,2017
1414,6,9,1,0,4,2017
1414,6,10,1,0,4,2017
1415,7,3,1,0,4,2017
1415,7,6,1,0,4,2017
1415,7,9,1,0,4,2017
1416,1,1,1,0,4,2017
1416,1,2,1,0,4,2017
1416,1,3,1,0,4,2017
1416,1,4,1,0,4,2017
1416,1,5,1,0,4,2017
1416,1,6,1,0,4,2017
1416,1,7,1,0,4,2017
1416,1,8,1,0,4,2017
1416,1,9,1,0,4,2017
1416,1,10,1,0,4,2017
1417,2,1,1,0,4,2017
1417,2,2,1,0,4,2017
1417,2,3,1,0,4,2017
1417,2,4,1,0,4,2017
1417,2,5,1,0,4,2017
1417,2,6,1,0,4,2017
1417,2,7,1,0,4,2017
1417,2,8,1,0,4,2017
1417,2,9,1,0,4,2017
1417,2,10,1,0,4,2017
1418,3,1,1,0,4,2017
1418,3,2,1,0,4,2017
1418,3,3,1,0,4,2017
1418,3,4,1,0,4,2017
1418,3,5,1,0,4,2017
1418,3,6,1,0,4,2017
1418,3,7,1,0,4,2017
1418,3,8,1,0,4,2017
1418,3,9,1,0,4,2017
1418,3,10,1,0,4,2017
1419,4,1,1,0,4,2017
1419,4,2,1,0,4,2017
1419,4,3,1,0,4,2017
1419,4,4,1,0,4,2017
1419,4,5,1,0,4,2017
1419,4,6,1,0,4,2017
1419,4,7,1,0,4,2017
1419,4,8,1,0,4,2017
1419,4,9,1,0,4,2017
1419,4,10,1,0,4,2017
1420,5,1,1,0,4,2017
1420,5,2,1,0,4,2017
1420,5,3,1,0,4,2017
1420,5,4,1,0,4,2017
1420,5,5,1,0,4,2017
1420,5,6,1,0,4,2017
1420,5,7,1,0,4,2017
1420,5,8,1,0,4,2017
1420,5,9,1,0,4,2017
1420,5,10,1,0,4,2017
1421,6,1,1,0,4,2017
1421,6,2,1,0,4,2017
1421,6,3,1,0,4,2017
1421,6,4,1,0,4,2017
1421,6,5,1,0,4,2017
1421,6,6,1,0,4,2017
1421,6,7,1,0,4,2017
1421,6,8,1,0,4,2017
1421,6,9,1,0,4,2017
1421,6,10,1,0,4,2017
1422,1,1,1,0,4,2017
1422,1,2,1,0,4,2017
1422,1,3,1,0,4,2017
1422,1,4,1,0,4,2017
1422,1,5,1,0,4,2017
1422,1,6,1,0,4,2017
1422,1,7,1,0,4,2017
1422,1,8,1,0,4,2017
1422,1,9,1,0,4,2017
1422,1,10,1,0,4,2017
1423,2,1,1,0,4,2017
1423,2,2,1,0,4,2017
1423,2,3,1,0,4,2017
1423,2,4,1,0,4,2017
1423,2,5,1,0,4,2017
1423,2,6,1,0,4,2017
1423,2,7,1,0,4,2017
1423,2,8,1,0,4,2017
1423,2,9,1,0,4,2017
1423,2,10,1,0,4,2017
1424,3,1,1,0,4,2017
1424,3,2,1,0,4,2017
1424,3,3,1,0,4,2017
1424,3,4,1,0,4,2017
1424,3,5,1,0,4,2017
1424,3,6,1,0,4,2017
1424,3,7,1,0,4,2017
1424,3,8,1,0,4,2017
1424,3,9,1,0,4,2017
1424,3,10,1,0,4,2017
1425,4,1,1,0,4,2017
1425,4,2,1,0,4,2017
1425,4,3,1,0,4,2017
1425,4,4,1,0,4,2017
1425,4,5,1,0,4,2017
1425,4,6,1,0,4,2017
1425,4,7,1,0,4,2017
1425,4,8,1,0,4,2017
1425,4,9,1,0,4,2017
1425,4,10,1,0,4,2017
1426,5,1,1,0,4,2017
1426,5,2,1,0,4,2017
1426,5,3,1,0,4,2017
1426,5,4,1,0,4,2017
1426,5,5,1,0,4,2017
1426,5,6,1,0,4,2017
1426,5,7,1,0,4,2017
1426,5,8,1,0,4,2017
1426,5,9,1,0,4,2017
1426,5,10,1,0,4,2017
1427,6,2,1,0,4,2017
1427,6,3,1,0,4,2017
1427,6,4,1,0,4,2017
1427,6,6,1,0,4,2017
1427,6,8,1,0,4,2017
1427,6,9,1,0,4,2017
1427,6,10,1,0,4,2017
1428,7,1,1,0,4,2017
1428,7,2,1,0,4,2017
1428,7,4,1,0,4,2017
1428,7,9,1,0,4,2017
1428,7,10,1,0,4,2017
1429,1,1,1,0,4,2017
1429,1,2,1,0,4,2017
1429,1,3,1,0,4,2017
1429,1,4,1,0,4,2017
1429,1,5,1,0,4,2017
1429,1,6,1,0,4,2017
1429,1,7,1,0,4,2017
1429,1,8,1,0,4,2017
1429,1,9,1,0,4,2017
1429,1,10,1,0,4,2017
1430,2,1,1,0,4,2017
1430,2,2,1,0,4,2017
1430,2,3,1,0,4,2017
1430,2,4,1,0,4,2017
1430,2,5,1,0,4,2017
1430,2,6,1,0,4,2017
1430,2,7,1,0,4,2017
1430,2,8,1,0,4,2017
1430,2,9,1,0,4,2017
1430,2,10,1,0,4,2017
1431,3,1,1,0,4,2017
1431,3,2,1,0,4,2017
1431,3,3,1,0,4,2017
1431,3,4,1,0,4,2017
1431,3,5,1,0,4,2017
1431,3,6,1,0,4,2017
1431,3,7,1,0,4,2017
1431,3,8,1,0,4,2017
1431,3,9,1,0,4,2017
1431,3,10,1,0,4,2017
1432,4,1,1,0,4,2017
1432,4,2,1,0,4,2017
1432,4,3,1,0,4,2017
1432,4,4,1,0,4,2017
1432,4,5,1,0,4,2017
1432,4,6,1,0,4,2017
1432,4,7,1,0,4,2017
1432,4,8,1,0,4,2017
1432,4,9,1,0,4,2017
1432,4,10,1,0,4,2017
1433,5,1,1,0,4,2017
1433,5,2,1,0,4,2017
1433,5,3,1,0,4,2017
1433,5,4,1,0,4,2017
1433,5,5,1,0,4,2017
1433,5,6,1,0,4,2017
1433,5,7,1,0,4,2017
1433,5,8,1,0,4,2017
1433,5,9,1,0,4,2017
1433,5,10,1,0,4,2017
1434,6,1,0,0,4,2017
1434,6,3,0,0,4,2017
1434,6,4,0,0,4,2017
1434,6,5,0,0,4,2017
1434,6,6,0,0,4,2017
1434,6,7,0,0,4,2017
1434,6,8,0,0,4,2017
1434,6,9,0,0,4,2017
1434,6,10,0,0,4,2017
1435,7,4,0,0,4,2017
1436,1,3,0,0,5,2017
1436,1,4,0,0,5,2017
1436,1,6,0,0,5,2017
1436,1,7,0,0,5,2017
1436,1,9,0,0,5,2017
1436,1,10,0,0,5,2017
1437,2,1,1,0,5,2017
1437,2,2,1,0,5,2017
1437,2,3,1,0,5,2017
1437,2,4,1,0,5,2017
1437,2,5,1,0,5,2017
1437,2,6,1,0,5,2017
1437,2,7,1,0,5,2017
1437,2,8,1,0,5,2017
1437,2,9,1,0,5,2017
1437,2,10,1,0,5,2017
1438,3,1,1,0,5,2017
1438,3,2,1,0,5,2017
1438,3,3,1,0,5,2017
1438,3,4,1,0,5,2017
1438,3,5,1,0,5,2017
1438,3,6,1,0,5,2017
1438,3,7,1,0,5,2017
1438,3,8,1,0,5,2017
1438,3,9,1,0,5,2017
1438,3,10,1,0,5,2017
1439,4,1,1,0,5,2017
1439,4,2,1,0,5,2017
1439,4,3,1,0,5,2017
1439,4,4,1,0,5,2017
1439,4,5,1,0,5,2017
1439,4,6,1,0,5,2017
1439,4,7,1,0,5,2017
1439,4,8,1,0,5,2017
1439,4,9,1,0,5,2017
1439,4,10,1,0,5,2017
1440,5,1,1,0,5,2017
1440,5,2,1,0,5,2017
1440,5,3,1,0,5,2017
1440,5,4,1,0,5,2017
1440,5,5,1,0,5,2017
1440,5,6,1,0,5,2017
1440,5,7,1,0,5,2017
1440,5,8,1,0,5,2017
1440,5,9,1,0,5,2017
1440,5,10,1,0,5,2017
1441,6,1,1,0,5,2017
1441,6,2,1,0,5,2017
1441,6,3,1,0,5,2017
1441,6,4,1,0,5,2017
1441,6,5,1,0,5,2017
1441,6,6,1,0,5,2017
1441,6,7,1,0,5,2017
1441,6,8,1,0,5,2017
1441,6,9,1,0,5,2017
1441,6,10,1,0,5,2017
1442,7,6,1,0,5,2017
1442,7,8,1,0,5,2017
1442,7,9,1,0,5,2017
1443,1,1,1,0,5,2017
1443,1,2,1,0,5,2017
1443,1,3,1,0,5,2017
1443,1,4,1,0,5,2017
1443,1,5,1,0,5,2017
1443,1,6,1,0,5,2017
1443,1,7,1,0,5,2017
1443,1,8,1,0,5,2017
1443,1,9,1,0,5,2017
1443,1,10,1,0,5,2017
1444,2,1,1,0,5,2017
1444,2,2,1,0,5,2017
1444,2,3,1,0,5,2017
1444,2,4,1,0,5,2017
1444,2,5,1,0,5,2017
1444,2,6,1,0,5,2017
1444,2,7,1,0,5,2017
1444,2,8,1,0,5,2017
1444,2,9,1,0,5,2017
1444,2,10,1,0,5,2017
1445,3,1,1,0,5,2017
1445,3,2,1,0,5,2017
1445,3,3,1,0,5,2017
1445,3,4,1,0,5,2017
1445,3,5,1,0,5,2017
1445,3,6,1,0,5,2017
1445,3,7,1,0,5,2017
1445,3,8,1,0,5,2017
1445,3,9,1,0,5,2017
1445,3,10,1,0,5,2017
1446,4,1,1,0,5,2017
1446,4,2,1,0,5,2017
1446,4,3,1,0,5,2017
1446,4,4,1,0,5,2017
1446,4,5,1,0,5,2017
1446,4,6,1,0,5,2017
1446,4,7,1,0,5,2017
1446,4,8,1,0,5,2017
1446,4,9,1,0,5,2017
1446,4,10,1,0,5,2017
1447,5,1,1,0,5,2017
1447,5,2,1,0,5,2017
1447,5,3,1,0,5,2017
1447,5,4,1,0,5,2017
1447,5,5,1,0,5,2017
1447,5,6,1,0,5,2017
1447,5,7,1,0,5,2017
1447,5,8,1,0,5,2017
1447,5,9,1,0,5,2017
1447,5,10,1,0,5,2017
1448,6,2,1,0,5,2017
1448,6,3,1,0,5,2017
1448,6,4,1,0,5,2017
1448,6,5,1,0,5,2017
1448,6,6,1,0,5,2017
1448,6,7,1,0,5,2017
1448,6,8,1,0,5,2017
1448,6,9,1,0,5,2017
1448,6,10,1,0,5,2017
1449,1,10,1,0,5,2017
1450,2,1,1,0,5,2017
1450,2,2,1,0,5,2017
1450,2,3,1,0,5,2017
1450,2,4,1,0,5,2017
1450,2,5,1,0,5,2017
1450,2,6,1,0,5,2017
1450,2,7,1,0,5,2017
1450,2,8,1,0,5,2017
1450,2,9,1,0,5,2017
1450,2,10,1,0,5,2017
1451,3,1,1,0,5,2017
1451,3,2,1,0,5,2017
1451,3,3,1,0,5,2017
1451,3,4,1,0,5,2017
1451,3,5,1,0,5,2017
1451,3,6,1,0,5,2017
1451,3,7,1,0,5,2017
1451,3,8,1,0,5,2017
1451,3,9,1,0,5,2017
1451,3,10,1,0,5,2017
1452,4,1,1,0,5,2017
1452,4,2,1,0,5,2017
1452,4,3,1,0,5,2017
1452,4,4,1,0,5,2017
1452,4,5,1,0,5,2017
1452,4,6,1,0,5,2017
1452,4,7,1,0,5,2017
1452,4,8,1,0,5,2017
1452,4,9,1,0,5,2017
1452,4,10,1,0,5,2017
1453,5,1,1,0,5,2017
1453,5,2,1,0,5,2017
1453,5,3,1,0,5,2017
1453,5,4,1,0,5,2017
1453,5,5,1,0,5,2017
1453,5,6,1,0,5,2017
1453,5,7,1,0,5,2017
1453,5,8,1,0,5,2017
1453,5,9,1,0,5,2017
1453,5,10,1,0,5,2017
1454,6,2,1,0,5,2017
1454,6,3,1,0,5,2017
1454,6,4,1,0,5,2017
1454,6,5,1,0,5,2017
1454,6,6,1,0,5,2017
1454,6,7,1,0,5,2017
1454,6,8,1,0,5,2017
1454,6,9,1,0,5,2017
1454,6,10,1,0,5,2017
1455,7,1,1,0,5,2017
1455,7,6,1,0,5,2017
1455,7,9,1,0,5,2017
1456,1,1,1,0,5,2017
1456,1,2,1,0,5,2017
1456,1,3,1,0,5,2017
1456,1,4,1,0,5,2017
1456,1,5,1,0,5,2017
1456,1,6,1,0,5,2017
1456,1,7,1,0,5,2017
1456,1,8,1,0,5,2017
1456,1,9,1,0,5,2017
1456,1,10,1,0,5,2017
1457,2,1,1,0,5,2017
1457,2,2,1,0,5,2017
1457,2,3,1,0,5,2017
1457,2,4,1,0,5,2017
1457,2,5,1,0,5,2017
1457,2,6,1,0,5,2017
1457,2,7,1,0,5,2017
1457,2,8,1,0,5,2017
1457,2,9,1,0,5,2017
1457,2,10,1,0,5,2017
1458,3,1,1,0,5,2017
1458,3,2,1,0,5,2017
1458,3,3,1,0,5,2017
1458,3,4,1,0,5,2017
1458,3,5,1,0,5,2017
1458,3,6,1,0,5,2017
1458,3,7,1,0,5,2017
1458,3,8,1,0,5,2017
1458,3,9,1,0,5,2017
1458,3,10,1,0,5,2017
1459,4,1,1,0,5,2017
1459,4,2,1,0,5,2017
1459,4,3,1,0,5,2017
1459,4,4,1,0,5,2017
1459,4,5,1,0,5,2017
1459,4,6,1,0,5,2017
1459,4,7,1,0,5,2017
1459,4,8,1,0,5,2017
1459,4,9,1,0,5,2017
1459,4,10,1,0,5,2017
1460,5,1,1,0,5,2017
1460,5,2,1,0,5,2017
1460,5,3,1,0,5,2017
1460,5,4,1,0,5,2017
1460,5,5,1,0,5,2017
1460,5,6,1,0,5,2017
1460,5,7,1,0,5,2017
1460,5,8,1,0,5,2017
1460,5,9,1,0,5,2017
1460,5,10,1,0,5,2017
1461,6,1,1,1,5,2017
1461,6,2,1,1,5,2017
1461,6,3,1,1,5,2017
1461,6,4,1,1,5,2017
1461,6,5,1,1,5,2017
1461,6,6,1,1,5,2017
1461,6,7,1,1,5,2017
1461,6,8,1,1,5,2017
1461,6,9,1,1,5,2017
1461,6,10,1,1,5,2017
1462,7,1,0,0,5,2017
1462,7,2,0,0,5,2017
1462,7,4,0,0,5,2017
1462,7,5,0,0,5,2017
1462,7,6,0,0,5,2017
1462,7,9,0,0,5,2017
1462,7,10,0,0,5,2017
1463,1,6,0,0,5,2017
1464,2,1,0,0,5,2017
1464,2,3,0,0,5,2017
1464,2,4,0,0,5,2017
1464,2,6,0,0,5,2017
1464,2,7,0,0,5,2017
1464,2,9,0,0,5,2017
1464,2,10,0,0,5,2017
1465,3,1,1,0,5,2017
1465,3,2,1,0,5,2017
1465,3,3,1,0,5,2017
1465,3,4,1,0,5,2017
1465,3,5,1,0,5,2017
1465,3,6,1,0,5,2017
1465,3,7,1,0,5,2017
1465,3,8,1,0,5,2017
1465,3,9,1,0,5,2017
1465,3,10,1,0,5,2017
1466,4,1,1,0,6,2017
1466,4,2,1,0,6,2017
1466,4,3,1,0,6,2017
1466,4,4,1,0,6,2017
1466,4,5,1,0,6,2017
1466,4,6,1,0,6,2017
1466,4,7,1,0,6,2017
1466,4,8,1,0,6,2017
1466,4,9,1,0,6,2017
1466,4,10,1,0,6,2017
1467,5,1,1,0,6,2017
1467,5,2,1,0,6,2017
1467,5,3,1,0,6,2017
1467,5,4,1,0,6,2017
1467,5,5,1,0,6,2017
1467,5,6,1,0,6,2017
1467,5,7,1,0,6,2017
1467,5,8,1,0,6,2017
1467,5,9,1,0,6,2017
1467,5,10,1,0,6,2017
1468,6,1,1,0,6,2017
1468,6,2,1,0,6,2017
1468,6,3,1,0,6,2017
1468,6,4,1,0,6,2017
1468,6,5,1,0,6,2017
1468,6,6,1,0,6,2017
1468,6,7,1,0,6,2017
1468,6,8,1,0,6,2017
1468,6,9,1,0,6,2017
1468,6,10,1,0,6,2017
1469,1,1,1,0,6,2017
1469,1,2,1,0,6,2017
1469,1,3,1,0,6,2017
1469,1,4,1,0,6,2017
1469,1,5,1,0,6,2017
1469,1,6,1,0,6,2017
1469,1,7,1,0,6,2017
1469,1,8,1,0,6,2017
1469,1,9,1,0,6,2017
1469,1,10,1,0,6,2017
1470,2,1,1,0,6,2017
1470,2,2,1,0,6,2017
1470,2,3,1,0,6,2017
1470,2,4,1,0,6,2017
1470,2,5,1,0,6,2017
1470,2,6,1,0,6,2017
1470,2,7,1,0,6,2017
1470,2,8,1,0,6,2017
1470,2,9,1,0,6,2017
1470,2,10,1,0,6,2017
1471,3,1,1,0,6,2017
1471,3,2,1,0,6,2017
1471,3,3,1,0,6,2017
1471,3,4,1,0,6,2017
1471,3,5,1,0,6,2017
1471,3,6,1,0,6,2017
1471,3,7,1,0,6,2017
1471,3,8,1,0,6,2017
1471,3,9,1,0,6,2017
1471,3,10,1,0,6,2017
1472,4,1,1,0,6,2017
1472,4,2,1,0,6,2017
1472,4,3,1,0,6,2017
1472,4,4,1,0,6,2017
1472,4,5,1,0,6,2017
1472,4,6,1,0,6,2017
1472,4,7,1,0,6,2017
1472,4,8,1,0,6,2017
1472,4,9,1,0,6,2017
1472,4,10,1,0,6,2017
1473,5,1,1,0,6,2017
1473,5,2,1,0,6,2017
1473,5,3,1,0,6,2017
1473,5,4,1,0,6,2017
1473,5,5,1,0,6,2017
1473,5,6,1,0,6,2017
1473,5,7,1,0,6,2017
1473,5,8,1,0,6,2017
1473,5,9,1,0,6,2017
1473,5,10,1,0,6,2017
1474,6,1,1,0,6,2017
1474,6,2,1,0,6,2017
1474,6,3,1,0,6,2017
1474,6,4,1,0,6,2017
1474,6,5,1,0,6,2017
1474,6,6,1,0,6,2017
1474,6,7,1,0,6,2017
1474,6,8,1,0,6,2017
1474,6,9,1,0,6,2017
1474,6,10,1,0,6,2017
1475,7,3,1,0,6,2017
1475,7,6,1,0,6,2017
1475,7,9,1,0,6,2017
1475,7,10,1,0,6,2017
1476,1,1,1,0,6,2017
1476,1,2,1,0,6,2017
1476,1,3,1,0,6,2017
1476,1,4,1,0,6,2017
1476,1,5,1,0,6,2017
1476,1,6,1,0,6,2017
1476,1,7,1,0,6,2017
1476,1,8,1,0,6,2017
1476,1,9,1,0,6,2017
1476,1,10,1,0,6,2017
1477,2,1,1,0,6,2017
1477,2,2,1,0,6,2017
1477,2,3,1,0,6,2017
1477,2,4,1,0,6,2017
1477,2,5,1,0,6,2017
1477,2,6,1,0,6,2017
1477,2,7,1,0,6,2017
1477,2,8,1,0,6,2017
1477,2,9,1,0,6,2017
1477,2,10,1,0,6,2017
1478,3,1,1,0,6,2017
1478,3,2,1,0,6,2017
1478,3,3,1,0,6,2017
1478,3,4,1,0,6,2017
1478,3,5,1,0,6,2017
1478,3,6,1,0,6,2017
1478,3,7,1,0,6,2017
1478,3,8,1,0,6,2017
1478,3,9,1,0,6,2017
1478,3,10,1,0,6,2017
1479,4,1,1,0,6,2017
1479,4,2,1,0,6,2017
1479,4,3,1,0,6,2017
1479,4,4,1,0,6,2017
1479,4,5,1,0,6,2017
1479,4,6,1,0,6,2017
1479,4,7,1,0,6,2017
1479,4,8,1,0,6,2017
1479,4,9,1,0,6,2017
1479,4,10,1,0,6,2017
1480,5,1,1,0,6,2017
1480,5,2,1,0,6,2017
1480,5,3,1,0,6,2017
1480,5,4,1,0,6,2017
1480,5,5,1,0,6,2017
1480,5,6,1,0,6,2017
1480,5,7,1,0,6,2017
1480,5,8,1,0,6,2017
1480,5,9,1,0,6,2017
1480,5,10,1,0,6,2017
1481,6,1,1,0,6,2017
1481,6,2,1,0,6,2017
1481,6,3,1,0,6,2017
1481,6,4,1,0,6,2017
1481,6,5,1,0,6,2017
1481,6,6,1,0,6,2017
1481,6,7,1,0,6,2017
1481,6,8,1,0,6,2017
1481,6,9,1,0,6,2017
1481,6,10,1,0,6,2017
1482,7,1,1,0,6,2017
1482,7,2,1,0,6,2017
1482,7,4,1,0,6,2017
1482,7,8,1,0,6,2017
1482,7,9,1,0,6,2017
1483,1,1,1,0,6,2017
1483,1,2,1,0,6,2017
1483,1,3,1,0,6,2017
1483,1,4,1,0,6,2017
1483,1,5,1,0,6,2017
1483,1,6,1,0,6,2017
1483,1,7,1,0,6,2017
1483,1,8,1,0,6,2017
1483,1,9,1,0,6,2017
1483,1,10,1,0,6,2017
1484,2,1,1,0,6,2017
1484,2,2,1,0,6,2017
1484,2,3,1,0,6,2017
1484,2,4,1,0,6,2017
1484,2,5,1,0,6,2017
1484,2,6,1,0,6,2017
1484,2,7,1,0,6,2017
1484,2,8,1,0,6,2017
1484,2,9,1,0,6,2017
1484,2,10,1,0,6,2017
1485,3,1,1,0,6,2017
1485,3,2,1,0,6,2017
1485,3,3,1,0,6,2017
1485,3,4,1,0,6,2017
1485,3,5,1,0,6,2017
1485,3,6,1,0,6,2017
1485,3,7,1,0,6,2017
1485,3,8,1,0,6,2017
1485,3,9,1,0,6,2017
1485,3,10,1,0,6,2017
1486,4,1,1,0,6,2017
1486,4,2,1,0,6,2017
1486,4,3,1,0,6,2017
1486,4,4,1,0,6,2017
1486,4,5,1,0,6,2017
1486,4,6,1,0,6,2017
1486,4,7,1,0,6,2017
1486,4,8,1,0,6,2017
1486,4,9,1,0,6,2017
1486,4,10,1,0,6,2017
1487,5,1,1,0,6,2017
1487,5,2,1,0,6,2017
1487,5,3,1,0,6,2017
1487,5,4,1,0,6,2017
1487,5,5,1,0,6,2017
1487,5,6,1,0,6,2017
1487,5,7,1,0,6,2017
1487,5,8,1,0,6,2017
1487,5,9,1,0,6,2017
1487,5,10,1,0,6,2017
1488,6,1,1,0,6,2017
1488,6,2,1,0,6,2017
1488,6,3,1,0,6,2017
1488,6,4,1,0,6,2017
1488,6,5,1,0,6,2017
1488,6,6,1,0,6,2017
1488,6,7,1,0,6,2017
1488,6,8,1,0,6,2017
1488,6,9,1,0,6,2017
1488,6,10,1,0,6,2017
1489,7,4,1,0,6,2017
1489,7,6,1,0,6,2017
1489,7,7,1,0,6,2017
1489,7,9,1,0,6,2017
1489,7,10,1,0,6,2017
1490,1,1,1,0,6,2017
1490,1,2,1,0,6,2017
1490,1,3,1,0,6,2017
1490,1,4,1,0,6,2017
1490,1,5,1,0,6,2017
1490,1,6,1,0,6,2017
1490,1,7,1,0,6,2017
1490,1,8,1,0,6,2017
1490,1,9,1,0,6,2017
1490,1,10,1,0,6,2017
1491,2,1,1,0,6,2017
1491,2,2,1,0,6,2017
1491,2,3,1,0,6,2017
1491,2,4,1,0,6,2017
1491,2,5,1,0,6,2017
1491,2,6,1,0,6,2017
1491,2,7,1,0,6,2017
1491,2,8,1,0,6,2017
1491,2,9,1,0,6,2017
1491,2,10,1,0,6,2017
1492,3,1,1,0,6,2017
1492,3,2,1,0,6,2017
1492,3,3,1,0,6,2017
1492,3,4,1,0,6,2017
1492,3,5,1,0,6,2017
1492,3,6,1,0,6,2017
1492,3,7,1,0,6,2017
1492,3,8,1,0,6,2017
1492,3,9,1,0,6,2017
1492,3,10,1,0,6,2017
1493,4,1,1,0,6,2017
1493,4,2,1,0,6,2017
1493,4,3,1,0,6,2017
1493,4,4,1,0,6,2017
1493,4,5,1,0,6,2017
1493,4,6,1,0,6,2017
1493,4,7,1,0,6,2017
1493,4,8,1,0,6,2017
1493,4,9,1,0,6,2017
1493,4,10,1,0,6,2017
1494,5,1,1,0,6,2017
1494,5,2,1,0,6,2017
1494,5,3,1,0,6,2017
1494,5,4,1,0,6,2017
1494,5,5,1,0,6,2017
1494,5,6,1,0,6,2017
1494,5,7,1,0,6,2017
1494,5,8,1,0,6,2017
1494,5,9,1,0,6,2017
1494,5,10,1,0,6,2017
1495,6,1,1,0,7,2017
1495,6,2,1,0,7,2017
1495,6,3,1,0,7,2017
1495,6,4,1,0,7,2017
1495,6,5,1,0,7,2017
1495,6,6,1,0,7,2017
1495,6,7,1,0,7,2017
1495,6,8,1,0,7,2017
1495,6,9,1,0,7,2017
1495,6,10,1,0,7,2017
1496,7,4,1,0,7,2017
1496,7,9,1,0,7,2017
1496,7,10,1,0,7,2017
1497,1,1,1,0,7,2017
1497,1,2,1,0,7,2017
1497,1,3,1,0,7,2017
1497,1,4,1,0,7,2017
1497,1,5,1,0,7,2017
1497,1,6,1,0,7,2017
1497,1,7,1,0,7,2017
1497,1,8,1,0,7,2017
1497,1,9,1,0,7,2017
1497,1,10,1,0,7,2017
1498,2,1,1,0,7,2017
1498,2,2,1,0,7,2017
1498,2,3,1,0,7,2017
1498,2,4,1,0,7,2017
1498,2,5,1,0,7,2017
1498,2,6,1,0,7,2017
1498,2,7,1,0,7,2017
1498,2,8,1,0,7,2017
1498,2,9,1,0,7,2017
1498,2,10,1,0,7,2017
1499,3,1,1,0,7,2017
1499,3,2,1,0,7,2017
1499,3,3,1,0,7,2017
1499,3,4,1,0,7,2017
1499,3,5,1,0,7,2017
1499,3,6,1,0,7,2017
1499,3,7,1,0,7,2017
1499,3,8,1,0,7,2017
1499,3,9,1,0,7,2017
1499,3,10,1,0,7,2017
1500,4,1,1,0,7,2017
1500,4,2,1,0,7,2017
1500,4,3,1,0,7,2017
1500,4,4,1,0,7,2017
1500,4,5,1,0,7,2017
1500,4,6,1,0,7,2017
1500,4,7,1,0,7,2017
1500,4,8,1,0,7,2017
1500,4,9,1,0,7,2017
1500,4,10,1,0,7,2017
1501,5,1,1,0,7,2017
1501,5,2,1,0,7,2017
1501,5,3,1,0,7,2017
1501,5,4,1,0,7,2017
1501,5,5,1,0,7,2017
1501,5,6,1,0,7,2017
1501,5,7,1,0,7,2017
1501,5,8,1,0,7,2017
1501,5,9,1,0,7,2017
1501,5,10,1,0,7,2017
1502,6,1,1,0,7,2017
1502,6,2,1,0,7,2017
1502,6,3,1,0,7,2017
1502,6,4,1,0,7,2017
1502,6,5,1,0,7,2017
1502,6,6,1,0,7,2017
1502,6,7,1,0,7,2017
1502,6,8,1,0,7,2017
1502,6,9,1,0,7,2017
1502,6,10,1,0,7,2017
1503,7,2,1,0,7,2017
1503,7,4,1,0,7,2017
1503,7,6,1,0,7,2017
1503,7,9,1,0,7,2017
1504,1,1,1,0,7,2017
1504,1,2,1,0,7,2017
1504,1,3,1,0,7,2017
1504,1,4,1,0,7,2017
1504,1,5,1,0,7,2017
1504,1,6,1,0,7,2017
1504,1,7,1,0,7,2017
1504,1,8,1,0,7,2017
1504,1,9,1,0,7,2017
1504,1,10,1,0,7,2017
1505,2,1,1,0,7,2017
1505,2,2,1,0,7,2017
1505,2,3,1,0,7,2017
1505,2,4,1,0,7,2017
1505,2,5,1,0,7,2017
1505,2,6,1,0,7,2017
1505,2,7,1,0,7,2017
1505,2,8,1,0,7,2017
1505,2,9,1,0,7,2017
1505,2,10,1,0,7,2017
1506,3,1,1,0,7,2017
1506,3,2,1,0,7,2017
1506,3,3,1,0,7,2017
1506,3,4,1,0,7,2017
1506,3,5,1,0,7,2017
1506,3,6,1,0,7,2017
1506,3,7,1,0,7,2017
1506,3,8,1,0,7,2017
1506,3,9,1,0,7,2017
1506,3,10,1,0,7,2017
1507,4,1,1,0,7,2017
1507,4,2,1,0,7,2017
1507,4,3,1,0,7,2017
1507,4,4,1,0,7,2017
1507,4,5,1,0,7,2017
1507,4,6,1,0,7,2017
1507,4,7,1,0,7,2017
1507,4,8,1,0,7,2017
1507,4,9,1,0,7,2017
1507,4,10,1,0,7,2017
1508,5,1,1,0,7,2017
1508,5,2,1,0,7,2017
1508,5,3,1,0,7,2017
1508,5,4,1,0,7,2017
1508,5,5,1,0,7,2017
1508,5,6,1,0,7,2017
1508,5,7,1,0,7,2017
1508,5,8,1,0,7,2017
1508,5,9,1,0,7,2017
1508,5,10,1,0,7,2017
1509,6,1,1,0,7,2017
1509,6,3,1,0,7,2017
1509,6,4,1,0,7,2017
1509,6,5,1,0,7,2017
1509,6,6,1,0,7,2017
1509,6,7,1,0,7,2017
1509,6,8,1,0,7,2017
1509,6,9,1,0,7,2017
1509,6,10,1,0,7,2017
1510,7,3,1,0,7,2017
1510,7,4,1,0,7,2017
1510,7,6,1,0,7,2017
1510,7,9,1,0,7,2017
1510,7,10,1,0,7,2017
1511,1,1,1,0,7,2017
1511,1,2,1,0,7,2017
1511,1,3,1,0,7,2017
1511,1,4,1,0,7,2017
1511,1,5,1,0,7,2017
1511,1,6,1,0,7,2017
1511,1,7,1,0,7,2017
1511,1,8,1,0,7,2017
1511,1,9,1,0,7,2017
1511,1,10,1,0,7,2017
1512,2,1,1,0,7,2017
1512,2,2,1,0,7,2017
1512,2,3,1,0,7,2017
1512,2,4,1,0,7,2017
1512,2,5,1,0,7,2017
1512,2,6,1,0,7,2017
1512,2,7,1,0,7,2017
1512,2,8,1,0,7,2017
1512,2,9,1,0,7,2017
1512,2,10,1,0,7,2017
1513,3,1,1,0,7,2017
1513,3,2,1,0,7,2017
1513,3,3,1,0,7,2017
1513,3,4,1,0,7,2017
1513,3,5,1,0,7,2017
1513,3,6,1,0,7,2017
1513,3,7,1,0,7,2017
1513,3,8,1,0,7,2017
1513,3,9,1,0,7,2017
1513,3,10,1,0,7,2017
1514,4,1,1,0,7,2017
1514,4,2,1,0,7,2017
1514,4,3,1,0,7,2017
1514,4,4,1,0,7,2017
1514,4,5,1,0,7,2017
1514,4,6,1,0,7,2017
1514,4,7,1,0,7,2017
1514,4,8,1,0,7,2017
1514,4,9,1,0,7,2017
1514,4,10,1,0,7,2017
1515,5,1,1,0,7,2017
1515,5,2,1,0,7,2017
1515,5,3,1,0,7,2017
1515,5,4,1,0,7,2017
1515,5,5,1,0,7,2017
1515,5,6,1,0,7,2017
1515,5,7,1,0,7,2017
1515,5,8,1,0,7,2017
1515,5,9,1,0,7,2017
1515,5,10,1,0,7,2017
1516,6,2,1,0,7,2017
1516,6,3,1,0,7,2017
1516,6,4,1,0,7,2017
1516,6,5,1,0,7,2017
1516,6,6,1,0,7,2017
1516,6,7,1,0,7,2017
1516,6,8,1,0,7,2017
1516,6,9,1,0,7,2017
1516,6,10,1,0,7,2017
1517,7,1,1,0,7,2017
1517,7,2,1,0,7,2017
1517,7,3,1,0,7,2017
1517,7,4,1,0,7,2017
1517,7,9,1,0,7,2017
1517,7,10,1,0,7,2017
1518,1,1,1,0,7,2017
1518,1,2,1,0,7,2017
1518,1,3,1,0,7,2017
1518,1,4,1,0,7,2017
1518,1,5,1,0,7,2017
1518,1,6,1,0,7,2017
1518,1,7,1,0,7,2017
1518,1,8,1,0,7,2017
1518,1,9,1,0,7,2017
1518,1,10,1,0,7,2017
1519,2,1,1,0,7,2017
1519,2,2,1,0,7,2017
1519,2,3,1,0,7,2017
1519,2,4,1,0,7,2017
1519,2,5,1,0,7,2017
1519,2,6,1,0,7,2017
1519,2,7,1,0,7,2017
1519,2,8,1,0,7,2017
1519,2,9,1,0,7,2017
1519,2,10,1,0,7,2017
1520,3,1,1,0,7,2017
1520,3,2,1,0,7,2017
1520,3,3,1,0,7,2017
1520,3,4,1,0,7,2017
1520,3,5,1,0,7,2017
1520,3,6,1,0,7,2017
1520,3,7,1,0,7,2017
1520,3,8,1,0,7,2017
1520,3,9,1,0,7,2017
1520,3,10,1,0,7,2017
1521,4,1,1,0,7,2017
1521,4,2,1,0,7,2017
1521,4,3,1,0,7,2017
1521,4,4,1,0,7,2017
1521,4,5,1,0,7,2017
1521,4,6,1,0,7,2017
1521,4,7,1,0,7,2017
1521,4,8,1,0,7,2017
1521,4,9,1,0,7,2017
1521,4,10,1,0,7,2017
1522,5,1,1,0,7,2017
1522,5,2,1,0,7,2017
1522,5,3,1,0,7,2017
1522,5,4,1,0,7,2017
1522,5,5,1,0,7,2017
1522,5,6,1,0,7,2017
1522,5,7,1,0,7,2017
1522,5,8,1,0,7,2017
1522,5,9,1,0,7,2017
1522,5,10,1,0,7,2017
1523,6,1,1,0,7,2017
1523,6,2,1,0,7,2017
1523,6,3,1,0,7,2017
1523,6,4,1,0,7,2017
1523,6,5,1,0,7,2017
1523,6,6,1,0,7,2017
1523,6,7,1,0,7,2017
1523,6,8,1,0,7,2017
1523,6,9,1,0,7,2017
1523,6,10,1,0,7,2017
1524,7,1,1,0,7,2017
1524,7,3,1,0,7,2017
1524,7,6,1,0,7,2017
1524,7,7,1,0,7,2017
1524,7,9,1,0,7,2017
1524,7,10,1,0,7,2017
1525,1,1,1,0,7,2017
1525,1,2,1,0,7,2017
1525,1,3,1,0,7,2017
1525,1,4,1,0,7,2017
1525,1,5,1,0,7,2017
1525,1,6,1,0,7,2017
1525,1,7,1,0,7,2017
1525,1,8,1,0,7,2017
1525,1,9,1,0,7,2017
1525,1,10,1,0,7,2017
1526,2,1,1,0,8,2017
1526,2,2,1,0,8,2017
1526,2,3,1,0,8,2017
1526,2,4,1,0,8,2017
1526,2,5,1,0,8,2017
1526,2,6,1,0,8,2017
1526,2,7,1,0,8,2017
1526,2,8,1,0,8,2017
1526,2,9,1,0,8,2017
1526,2,10,1,0,8,2017
1527,3,1,1,0,8,2017
1527,3,2,1,0,8,2017
1527,3,3,1,0,8,2017
1527,3,4,1,0,8,2017
1527,3,5,1,0,8,2017
1527,3,6,1,0,8,2017
1527,3,7,1,0,8,2017
1527,3,8,1,0,8,2017
1527,3,9,1,0,8,2017
1527,3,10,1,0,8,2017
1528,4,1,1,0,8,2017
1528,4,2,1,0,8,2017
1528,4,3,1,0,8,2017
1528,4,4,1,0,8,2017
1528,4,5,1,0,8,2017
1528,4,6,1,0,8,2017
1528,4,7,1,0,8,2017
1528,4,8,1,0,8,2017
1528,4,9,1,0,8,2017
1528,4,10,1,0,8,2017
1529,5,1,1,0,8,2017
1529,5,2,1,0,8,2017
1529,5,3,1,0,8,2017
1529,5,4,1,0,8,2017
1529,5,5,1,0,8,2017
1529,5,6,1,0,8,2017
1529,5,7,1,0,8,2017
1529,5,8,1,0,8,2017
1529,5,9,1,0,8,2017
1529,5,10,1,0,8,2017
1530,6,1,1,0,8,2017
1530,6,2,1,0,8,2017
1530,6,3,1,0,8,2017
1530,6,4,1,0,8,2017
1530,6,5,1,0,8,2017
1530,6,6,1,0,8,2017
1530,6,7,1,0,8,2017
1530,6,8,1,0,8,2017
1530,6,9,1,0,8,2017
1530,6,10,1,0,8,2017
1531,7,4,1,0,8,2017
1531,7,6,1,0,8,2017
1531,7,7,1,0,8,2017
1532,1,1,1,0,8,2017
1532,1,2,1,0,8,2017
1532,1,3,1,0,8,2017
1532,1,4,1,0,8,2017
1532,1,5,1,0,8,2017
1532,1,6,1,0,8,2017
1532,1,7,1,0,8,2017
1532,1,8,1,0,8,2017
1532,1,9,1,0,8,2017
1532,1,10,1,0,8,2017
1533,2,1,1,0,8,2017
1533,2,2,1,0,8,2017
1533,2,3,1,0,8,2017
1533,2,4,1,0,8,2017
1533,2,5,1,0,8,2017
1533,2,6,1,0,8,2017
1533,2,7,1,0,8,2017
1533,2,8,1,0,8,2017
1533,2,9,1,0,8,2017
1533,2,10,1,0,8,2017
1534,3,1,1,0,8,2017
1534,3,2,1,0,8,2017
1534,3,3,1,0,8,2017
1534,3,4,1,0,8,2017
1534,3,5,1,0,8,2017
1534,3,6,1,0,8,2017
1534,3,7,1,0,8,2017
1534,3,8,1,0,8,2017
1534,3,9,1,0,8,2017
1534,3,10,1,0,8,2017
1535,4,1,1,0,8,2017
1535,4,2,1,0,8,2017
1535,4,3,1,0,8,2017
1535,4,4,1,0,8,2017
1535,4,5,1,0,8,2017
1535,4,6,1,0,8,2017
1535,4,7,1,0,8,2017
1535,4,8,1,0,8,2017
1535,4,9,1,0,8,2017
1535,4,10,1,0,8,2017
1536,5,1,1,0,8,2017
1536,5,2,1,0,8,2017
1536,5,3,1,0,8,2017
1536,5,4,1,0,8,2017
1536,5,5,1,0,8,2017
1536,5,6,1,0,8,2017
1536,5,7,1,0,8,2017
1536,5,8,1,0,8,2017
1536,5,9,1,0,8,2017
1536,5,10,1,0,8,2017
1537,6,1,1,0,8,2017
1537,6,2,1,0,8,2017
1537,6,3,1,0,8,2017
1537,6,4,1,0,8,2017
1537,6,5,1,0,8,2017
1537,6,6,1,0,8,2017
1537,6,7,1,0,8,2017
1537,6,8,1,0,8,2017
1537,6,9,1,0,8,2017
1537,6,10,1,0,8,2017
1538,7,4,1,0,8,2017
1538,7,6,1,0,8,2017
1538,7,7,1,0,8,2017
1538,7,9,1,0,8,2017
1539,1,1,1,0,8,2017
1539,1,2,1,0,8,2017
1539,1,3,1,0,8,2017
1539,1,4,1,0,8,2017
1539,1,5,1,0,8,2017
1539,1,6,1,0,8,2017
1539,1,7,1,0,8,2017
1539,1,8,1,0,8,2017
1539,1,9,1,0,8,2017
1539,1,10,1,0,8,2017
1540,2,1,1,0,8,2017
1540,2,2,1,0,8,2017
1540,2,3,1,0,8,2017
1540,2,4,1,0,8,2017
1540,2,5,1,0,8,2017
1540,2,6,1,0,8,2017
1540,2,7,1,0,8,2017
1540,2,8,1,0,8,2017
1540,2,9,1,0,8,2017
1540,2,10,1,0,8,2017
1541,3,1,1,0,8,2017
1541,3,2,1,0,8,2017
1541,3,3,1,0,8,2017
1541,3,4,1,0,8,2017
1541,3,5,1,0,8,2017
1541,3,6,1,0,8,2017
1541,3,7,1,0,8,2017
1541,3,8,1,0,8,2017
1541,3,9,1,0,8,2017
1541,3,10,1,0,8,2017
1542,4,1,1,0,8,2017
1542,4,2,1,0,8,2017
1542,4,3,1,0,8,2017
1542,4,4,1,0,8,2017
1542,4,5,1,0,8,2017
1542,4,6,1,0,8,2017
1542,4,7,1,0,8,2017
1542,4,8,1,0,8,2017
1542,4,9,1,0,8,2017
1542,4,10,1,0,8,2017
1543,5,1,1,0,8,2017
1543,5,2,1,0,8,2017
1543,5,3,1,0,8,2017
1543,5,4,1,0,8,2017
1543,5,5,1,0,8,2017
1543,5,6,1,0,8,2017
1543,5,7,1,0,8,2017
1543,5,8,1,0,8,2017
1543,5,9,1,0,8,2017
1543,5,10,1,0,8,2017
1544,6,1,1,0,8,2017
1544,6,2,1,0,8,2017
1544,6,3,1,0,8,2017
1544,6,4,1,0,8,2017
1544,6,5,1,0,8,2017
1544,6,6,1,0,8,2017
1544,6,7,1,0,8,2017
1544,6,8,1,0,8,2017
1544,6,9,1,0,8,2017
1544,6,10,1,0,8,2017
1545,1,1,1,0,8,2017
1545,1,2,1,0,8,2017
1545,1,3,1,0,8,2017
1545,1,4,1,0,8,2017
1545,1,5,1,0,8,2017
1545,1,6,1,0,8,2017
1545,1,7,1,0,8,2017
1545,1,8,1,0,8,2017
1545,1,9,1,0,8,2017
1545,1,10,1,0,8,2017
1546,2,1,1,0,8,2017
1546,2,2,1,0,8,2017
1546,2,3,1,0,8,2017
1546,2,4,1,0,8,2017
1546,2,5,1,0,8,2017
1546,2,6,1,0,8,2017
1546,2,7,1,0,8,2017
1546,2,8,1,0,8,2017
1546,2,9,1,0,8,2017
1546,2,10,1,0,8,2017
1547,3,1,1,0,8,2017
1547,3,2,1,0,8,2017
1547,3,3,1,0,8,2017
1547,3,4,1,0,8,2017
1547,3,5,1,0,8,2017
1547,3,6,1,0,8,2017
1547,3,7,1,0,8,2017
1547,3,8,1,0,8,2017
1547,3,9,1,0,8,2017
1547,3,10,1,0,8,2017
1548,4,1,1,0,8,2017
1548,4,2,1,0,8,2017
1548,4,3,1,0,8,2017
1548,4,4,1,0,8,2017
1548,4,5,1,0,8,2017
1548,4,6,1,0,8,2017
1548,4,7,1,0,8,2017
1548,4,8,1,0,8,2017
1548,4,9,1,0,8,2017
1548,4,10,1,0,8,2017
1549,5,1,1,0,8,2017
1549,5,2,1,0,8,2017
1549,5,3,1,0,8,2017
1549,5,4,1,0,8,2017
1549,5,5,1,0,8,2017
1549,5,6,1,0,8,2017
1549,5,7,1,0,8,2017
1549,5,8,1,0,8,2017
1549,5,9,1,0,8,2017
1549,5,10,1,0,8,2017
1550,6,1,1,0,8,2017
1550,6,2,1,0,8,2017
1550,6,3,1,0,8,2017
1550,6,4,1,0,8,2017
1550,6,5,1,0,8,2017
1550,6,6,1,0,8,2017
1550,6,7,1,0,8,2017
1550,6,8,1,0,8,2017
1550,6,9,1,0,8,2017
1550,6,10,1,0,8,2017
1551,7,1,1,0,8,2017
1551,7,2,1,0,8,2017
1551,7,4,1,0,8,2017
1551,7,6,1,0,8,2017
1552,1,1,1,0,8,2017
1552,1,2,1,0,8,2017
1552,1,3,1,0,8,2017
1552,1,4,1,0,8,2017
1552,1,5,1,0,8,2017
1552,1,6,1,0,8,2017
1552,1,7,1,0,8,2017
1552,1,8,1,0,8,2017
1552,1,9,1,0,8,2017
1552,1,10,1,0,8,2017
1553,2,1,1,0,8,2017
1553,2,2,1,0,8,2017
1553,2,3,1,0,8,2017
1553,2,4,1,0,8,2017
1553,2,5,1,0,8,2017
1553,2,6,1,0,8,2017
1553,2,7,1,0,8,2017
1553,2,8,1,0,8,2017
1553,2,9,1,0,8,2017
1553,2,10,1,0,8,2017
1554,3,1,1,0,8,2017
1554,3,2,1,0,8,2017
1554,3,3,1,0,8,2017
1554,3,4,1,0,8,2017
1554,3,5,1,0,8,2017
1554,3,6,1,0,8,2017
1554,3,7,1,0,8,2017
1554,3,8,1,0,8,2017
1554,3,9,1,0,8,2017
1554,3,10,1,0,8,2017
1555,4,1,1,0,8,2017
1555,4,2,1,0,8,2017
1555,4,3,1,0,8,2017
1555,4,4,1,0,8,2017
1555,4,5,1,0,8,2017
1555,4,6,1,0,8,2017
1555,4,7,1,0,8,2017
1555,4,8,1,0,8,2017
1555,4,9,1,0,8,2017
1555,4,10,1,0,8,2017
1556,5,1,1,0,9,2017
1556,5,2,1,0,9,2017
1556,5,3,1,0,9,2017
1556,5,4,1,0,9,2017
1556,5,5,1,0,9,2017
1556,5,6,1,0,9,2017
1556,5,7,1,0,9,2017
1556,5,8,1,0,9,2017
1556,5,9,1,0,9,2017
1556,5,10,1,0,9,2017
1557,7,4,1,0,9,2017
1557,7,6,1,0,9,2017
1557,7,9,1,0,9,2017
1557,7,10,1,0,9,2017
1558,1,1,1,0,9,2017
1558,1,2,1,0,9,2017
1558,1,3,1,0,9,2017
1558,1,4,1,0,9,2017
1558,1,5,1,0,9,2017
1558,1,6,1,0,9,2017
1558,1,7,1,0,9,2017
1558,1,8,1,0,9,2017
1558,1,9,1,0,9,2017
1558,1,10,1,0,9,2017
1559,2,1,1,0,9,2017
1559,2,2,1,0,9,2017
1559,2,3,1,0,9,2017
1559,2,4,1,0,9,2017
1559,2,5,1,0,9,2017
1559,2,6,1,0,9,2017
1559,2,7,1,0,9,2017
1559,2,8,1,0,9,2017
1559,2,9,1,0,9,2017
1559,2,10,1,0,9,2017
1560,3,1,1,0,9,2017
1560,3,2,1,0,9,2017
1560,3,3,1,0,9,2017
1560,3,4,1,0,9,2017
1560,3,5,1,0,9,2017
1560,3,6,1,0,9,2017
1560,3,7,1,0,9,2017
1560,3,8,1,0,9,2017
1560,3,9,1,0,9,2017
1560,3,10,1,0,9,2017
1561,4,1,1,0,9,2017
1561,4,2,1,0,9,2017
1561,4,3,1,0,9,2017
1561,4,4,1,0,9,2017
1561,4,5,1,0,9,2017
1561,4,6,1,0,9,2017
1561,4,7,1,0,9,2017
1561,4,8,1,0,9,2017
1561,4,9,1,0,9,2017
1561,4,10,1,0,9,2017
1562,5,1,1,0,9,2017
1562,5,2,1,0,9,2017
1562,5,3,1,0,9,2017
1562,5,4,1,0,9,2017
1562,5,5,1,0,9,2017
1562,5,6,1,0,9,2017
1562,5,7,1,0,9,2017
1562,5,8,1,0,9,2017
1562,5,9,1,0,9,2017
1562,5,10,1,0,9,2017
1563,6,1,1,0,9,2017
1563,6,2,1,0,9,2017
1563,6,3,1,0,9,2017
1563,6,4,1,0,9,2017
1563,6,5,1,0,9,2017
1563,6,6,1,0,9,2017
1563,6,7,1,0,9,2017
1563,6,8,1,0,9,2017
1563,6,9,1,0,9,2017
1563,6,10,1,0,9,2017
1564,7,1,1,0,9,2017
1564,7,8,1,0,9,2017
1564,7,10,1,0,9,2017
1565,1,1,1,0,9,2017
1565,1,2,1,0,9,2017
1565,1,3,1,0,9,2017
1565,1,4,1,0,9,2017
1565,1,5,1,0,9,2017
1565,1,6,1,0,9,2017
1565,1,7,1,0,9,2017
1565,1,8,1,0,9,2017
1565,1,9,1,0,9,2017
1565,1,10,1,0,9,2017
1566,2,1,1,0,9,2017
1566,2,2,1,0,9,2017
1566,2,3,1,0,9,2017
1566,2,4,1,0,9,2017
1566,2,5,1,0,9,2017
1566,2,6,1,0,9,2017
1566,2,7,1,0,9,2017
1566,2,8,1,0,9,2017
1566,2,9,1,0,9,2017
1566,2,10,1,0,9,2017
1567,3,1,1,0,9,2017
1567,3,2,1,0,9,2017
1567,3,3,1,0,9,2017
1567,3,4,1,0,9,2017
1567,3,5,1,0,9,2017
1567,3,6,1,0,9,2017
1567,3,7,1,0,9,2017
1567,3,8,1,0,9,2017
1567,3,9,1,0,9,2017
1567,3,10,1,0,9,2017
1568,4,1,1,0,9,2017
1568,4,2,1,0,9,2017
1568,4,3,1,0,9,2017
1568,4,4,1,0,9,2017
1568,4,5,1,0,9,2017
1568,4,6,1,0,9,2017
1568,4,7,1,0,9,2017
1568,4,8,1,0,9,2017
1568,4,9,1,0,9,2017
1568,4,10,1,0,9,2017
1569,5,1,1,0,9,2017
1569,5,2,1,0,9,2017
1569,5,3,1,0,9,2017
1569,5,4,1,0,9,2017
1569,5,5,1,0,9,2017
1569,5,6,1,0,9,2017
1569,5,7,1,0,9,2017
1569,5,8,1,0,9,2017
1569,5,9,1,0,9,2017
1569,5,10,1,0,9,2017
1570,6,1,1,0,9,2017
1570,6,2,1,0,9,2017
1570,6,3,1,0,9,2017
1570,6,4,1,0,9,2017
1570,6,5,1,0,9,2017
1570,6,6,1,0,9,2017
1570,6,7,1,0,9,2017
1570,6,8,1,0,9,2017
1570,6,9,1,0,9,2017
1570,6,10,1,0,9,2017
1571,7,1,1,0,9,2017
1571,7,2,1,0,9,2017
1571,7,5,1,0,9,2017
1571,7,6,1,0,9,2017
1571,7,7,1,0,9,2017
1571,7,9,1,0,9,2017
1571,7,10,1,0,9,2017
1572,1,1,1,0,9,2017
1572,1,2,1,0,9,2017
1572,1,3,1,0,9,2017
1572,1,4,1,0,9,2017
1572,1,5,1,0,9,2017
1572,1,6,1,0,9,2017
1572,1,7,1,0,9,2017
1572,1,8,1,0,9,2017
1572,1,9,1,0,9,2017
1572,1,10,1,0,9,2017
1573,2,1,1,0,9,2017
1573,2,2,1,0,9,2017
1573,2,3,1,0,9,2017
1573,2,4,1,0,9,2017
1573,2,5,1,0,9,2017
1573,2,6,1,0,9,2017
1573,2,7,1,0,9,2017
1573,2,8,1,0,9,2017
1573,2,9,1,0,9,2017
1573,2,10,1,0,9,2017
1574,3,1,1,0,9,2017
1574,3,2,1,0,9,2017
1574,3,3,1,0,9,2017
1574,3,4,1,0,9,2017
1574,3,5,1,0,9,2017
1574,3,6,1,0,9,2017
1574,3,7,1,0,9,2017
1574,3,8,1,0,9,2017
1574,3,9,1,0,9,2017
1574,3,10,1,0,9,2017
1575,4,1,1,0,9,2017
1575,4,2,1,0,9,2017
1575,4,3,1,0,9,2017
1575,4,4,1,0,9,2017
1575,4,5,1,0,9,2017
1575,4,6,1,0,9,2017
1575,4,7,1,0,9,2017
1575,4,8,1,0,9,2017
1575,4,9,1,0,9,2017
1575,4,10,1,0,9,2017
1576,5,1,1,0,9,2017
1576,5,2,1,0,9,2017
1576,5,3,1,0,9,2017
1576,5,4,1,0,9,2017
1576,5,5,1,0,9,2017
1576,5,6,1,0,9,2017
1576,5,7,1,0,9,2017
1576,5,8,1,0,9,2017
1576,5,9,1,0,9,2017
1576,5,10,1,0,9,2017
1577,6,1,1,0,9,2017
1577,6,2,1,0,9,2017
1577,6,3,1,0,9,2017
1577,6,4,1,0,9,2017
1577,6,5,1,0,9,2017
1577,6,6,1,0,9,2017
1577,6,7,1,0,9,2017
1577,6,8,1,0,9,2017
1577,6,9,1,0,9,2017
1577,6,10,1,0,9,2017
1578,1,1,1,0,9,2017
1578,1,2,1,0,9,2017
1578,1,3,1,0,9,2017
1578,1,4,1,0,9,2017
1578,1,5,1,0,9,2017
1578,1,6,1,0,9,2017
1578,1,7,1,0,9,2017
1578,1,8,1,0,9,2017
1578,1,9,1,0,9,2017
1578,1,10,1,0,9,2017
1579,2,1,1,0,9,2017
1579,2,2,1,0,9,2017
1579,2,3,1,0,9,2017
1579,2,4,1,0,9,2017
1579,2,5,1,0,9,2017
1579,2,6,1,0,9,2017
1579,2,7,1,0,9,2017
1579,2,8,1,0,9,2017
1579,2,9,1,0,9,2017
1579,2,10,1,0,9,2017
1580,3,1,1,0,9,2017
1580,3,2,1,0,9,2017
1580,3,3,1,0,9,2017
1580,3,4,1,0,9,2017
1580,3,5,1,0,9,2017
1580,3,6,1,0,9,2017
1580,3,7,1,0,9,2017
1580,3,8,1,0,9,2017
1580,3,9,1,0,9,2017
1580,3,10,1,0,9,2017
1581,4,1,1,0,9,2017
1581,4,2,1,0,9,2017
1581,4,3,1,0,9,2017
1581,4,4,1,0,9,2017
1581,4,5,1,0,9,2017
1581,4,6,1,0,9,2017
1581,4,7,1,0,9,2017
1581,4,8,1,0,9,2017
1581,4,9,1,0,9,2017
1581,4,10,1,0,9,2017
1582,5,1,1,0,9,2017
1582,5,2,1,0,9,2017
1582,5,3,1,0,9,2017
1582,5,4,1,0,9,2017
1582,5,5,1,0,9,2017
1582,5,6,1,0,9,2017
1582,5,7,1,0,9,2017
1582,5,8,1,0,9,2017
1582,5,9,1,0,9,2017
1582,5,10,1,0,9,2017
1583,6,1,1,1,9,2017
1583,6,2,1,1,9,2017
1583,6,3,1,1,9,2017
1583,6,4,1,1,9,2017
1583,6,5,1,1,9,2017
1583,6,6,1,1,9,2017
1583,6,7,1,1,9,2017
1583,6,8,1,1,9,2017
1583,6,9,1,1,9,2017
1583,6,10,1,1,9,2017
1584,2,2,0,0,10,2017
1584,2,6,0,0,10,2017
1584,2,7,0,0,10,2017
1584,2,9,0,0,10,2017
1584,2,10,0,0,10,2017
1585,3,2,0,0,10,2017
1585,3,8,0,0,10,2017
1585,3,9,0,0,10,2017
1586,4,2,0,0,10,2017
1586,4,3,0,0,10,2017
1586,4,4,0,0,10,2017
1586,4,6,0,0,10,2017
1586,4,7,0,0,10,2017
1586,4,8,0,0,10,2017
1587,5,1,0,0,10,2017
1587,5,2,0,0,10,2017
1587,5,4,0,0,10,2017
1587,5,6,0,0,10,2017
1587,5,8,0,0,10,2017
1587,5,9,0,0,10,2017
1587,5,10,0,0,10,2017
1588,6,1,0,0,10,2017
1588,6,2,0,0,10,2017
1588,6,3,0,0,10,2017
1588,6,4,0,0,10,2017
1588,6,6,0,0,10,2017
1588,6,7,0,0,10,2017
1588,6,8,0,0,10,2017
1588,6,9,0,0,10,2017
1588,6,10,0,0,10,2017
1589,7,1,0,0,10,2017
1589,7,3,0,0,10,2017
1589,7,4,0,0,10,2017
1589,7,6,0,0,10,2017
1589,7,7,0,0,10,2017
1589,7,8,0,0,10,2017
1589,7,9,0,0,10,2017
1589,7,10,0,0,10,2017
1590,1,1,1,0,10,2017
1590,1,2,1,0,10,2017
1590,1,3,1,0,10,2017
1590,1,4,1,0,10,2017
1590,1,5,1,0,10,2017
1590,1,6,1,0,10,2017
1590,1,7,1,0,10,2017
1590,1,8,1,0,10,2017
1590,1,9,1,0,10,2017
1590,1,10,1,0,10,2017
1591,2,1,1,0,10,2017
1591,2,2,1,0,10,2017
1591,2,3,1,0,10,2017
1591,2,4,1,0,10,2017
1591,2,5,1,0,10,2017
1591,2,6,1,0,10,2017
1591,2,7,1,0,10,2017
1591,2,8,1,0,10,2017
1591,2,9,1,0,10,2017
1591,2,10,1,0,10,2017
1592,3,1,1,0,10,2017
1592,3,2,1,0,10,2017
1592,3,3,1,0,10,2017
1592,3,4,1,0,10,2017
1592,3,5,1,0,10,2017
1592,3,6,1,0,10,2017
1592,3,7,1,0,10,2017
1592,3,8,1,0,10,2017
1592,3,9,1,0,10,2017
1592,3,10,1,0,10,2017
1593,4,1,1,0,10,2017
1593,4,2,1,0,10,2017
1593,4,3,1,0,10,2017
1593,4,4,1,0,10,2017
1593,4,5,1,0,10,2017
1593,4,6,1,0,10,2017
1593,4,7,1,0,10,2017
1593,4,8,1,0,10,2017
1593,4,9,1,0,10,2017
1593,4,10,1,0,10,2017
1594,5,1,1,0,10,2017
1594,5,2,1,0,10,2017
1594,5,3,1,0,10,2017
1594,5,4,1,0,10,2017
1594,5,5,1,0,10,2017
1594,5,6,1,0,10,2017
1594,5,7,1,0,10,2017
1594,5,8,1,0,10,2017
1594,5,9,1,0,10,2017
1594,5,10,1,0,10,2017
1595,6,1,1,0,10,2017
1595,6,2,1,0,10,2017
1595,6,3,1,0,10,2017
1595,6,4,1,0,10,2017
1595,6,5,1,0,10,2017
1595,6,6,1,0,10,2017
1595,6,7,1,0,10,2017
1595,6,8,1,0,10,2017
1595,6,9,1,0,10,2017
1595,6,10,1,0,10,2017
1596,7,1,1,0,10,2017
1596,7,4,1,0,10,2017
1596,7,5,1,0,10,2017
1596,7,6,1,0,10,2017
1596,7,7,1,0,10,2017
1596,7,9,1,0,10,2017
1596,7,10,1,0,10,2017
1597,1,1,1,0,10,2017
1597,1,2,1,0,10,2017
1597,1,3,1,0,10,2017
1597,1,4,1,0,10,2017
1597,1,5,1,0,10,2017
1597,1,6,1,0,10,2017
1597,1,7,1,0,10,2017
1597,1,8,1,0,10,2017
1597,1,9,1,0,10,2017
1597,1,10,1,0,10,2017
1598,2,1,1,0,10,2017
1598,2,2,1,0,10,2017
1598,2,3,1,0,10,2017
1598,2,4,1,0,10,2017
1598,2,5,1,0,10,2017
1598,2,6,1,0,10,2017
1598,2,7,1,0,10,2017
1598,2,8,1,0,10,2017
1598,2,9,1,0,10,2017
1598,2,10,1,0,10,2017
1599,3,1,1,0,10,2017
1599,3,2,1,0,10,2017
1599,3,3,1,0,10,2017
1599,3,4,1,0,10,2017
1599,3,5,1,0,10,2017
1599,3,6,1,0,10,2017
1599,3,7,1,0,10,2017
1599,3,8,1,0,10,2017
1599,3,9,1,0,10,2017
1599,3,10,1,0,10,2017
1600,4,1,1,0,10,2017
1600,4,2,1,0,10,2017
1600,4,3,1,0,10,2017
1600,4,4,1,0,10,2017
1600,4,5,1,0,10,2017
1600,4,6,1,0,10,2017
1600,4,7,1,0,10,2017
1600,4,8,1,0,10,2017
1600,4,9,1,0,10,2017
1600,4,10,1,0,10,2017
1601,5,1,1,0,10,2017
1601,5,2,1,0,10,2017
1601,5,3,1,0,10,2017
1601,5,4,1,0,10,2017
1601,5,5,1,0,10,2017
1601,5,6,1,0,10,2017
1601,5,7,1,0,10,2017
1601,5,8,1,0,10,2017
1601,5,9,1,0,10,2017
1601,5,10,1,0,10,2017
1602,6,1,1,0,10,2017
1602,6,2,1,0,10,2017
1602,6,3,1,0,10,2017
1602,6,4,1,0,10,2017
1602,6,5,1,0,10,2017
1602,6,6,1,0,10,2017
1602,6,7,1,0,10,2017
1602,6,8,1,0,10,2017
1602,6,9,1,0,10,2017
1602,6,10,1,0,10,2017
1603,7,1,1,0,10,2017
1603,7,2,1,0,10,2017
1603,7,3,1,0,10,2017
1603,7,4,1,0,10,2017
1603,7,6,1,0,10,2017
1603,7,7,1,0,10,2017
1603,7,8,1,0,10,2017
1603,7,9,1,0,10,2017
1603,7,10,1,0,10,2017
1604,1,1,1,0,10,2017
1604,1,2,1,0,10,2017
1604,1,3,1,0,10,2017
1604,1,4,1,0,10,2017
1604,1,5,1,0,10,2017
1604,1,6,1,0,10,2017
1604,1,7,1,0,10,2017
1604,1,8,1,0,10,2017
1604,1,9,1,0,10,2017
1604,1,10,1,0,10,2017
1605,2,1,1,0,10,2017
1605,2,2,1,0,10,2017
1605,2,3,1,0,10,2017
1605,2,4,1,0,10,2017
1605,2,5,1,0,10,2017
1605,2,6,1,0,10,2017
1605,2,7,1,0,10,2017
1605,2,8,1,0,10,2017
1605,2,9,1,0,10,2017
1605,2,10,1,0,10,2017
1606,3,1,1,0,10,2017
1606,3,2,1,0,10,2017
1606,3,3,1,0,10,2017
1606,3,4,1,0,10,2017
1606,3,5,1,0,10,2017
1606,3,6,1,0,10,2017
1606,3,7,1,0,10,2017
1606,3,8,1,0,10,2017
1606,3,9,1,0,10,2017
1606,3,10,1,0,10,2017
1607,4,1,1,0,10,2017
1607,4,2,1,0,10,2017
1607,4,3,1,0,10,2017
1607,4,4,1,0,10,2017
1607,4,5,1,0,10,2017
1607,4,6,1,0,10,2017
1607,4,7,1,0,10,2017
1607,4,8,1,0,10,2017
1607,4,9,1,0,10,2017
1607,4,10,1,0,10,2017
1608,5,1,1,0,10,2017
1608,5,2,1,0,10,2017
1608,5,3,1,0,10,2017
1608,5,4,1,0,10,2017
1608,5,5,1,0,10,2017
1608,5,6,1,0,10,2017
1608,5,7,1,0,10,2017
1608,5,8,1,0,10,2017
1608,5,9,1,0,10,2017
1608,5,10,1,0,10,2017
1609,6,1,1,0,10,2017
1609,6,2,1,0,10,2017
1609,6,3,1,0,10,2017
1609,6,4,1,0,10,2017
1609,6,5,1,0,10,2017
1609,6,6,1,0,10,2017
1609,6,7,1,0,10,2017
1609,6,8,1,0,10,2017
1609,6,9,1,0,10,2017
1609,6,10,1,0,10,2017
1610,7,1,1,0,10,2017
1610,7,4,1,0,10,2017
1610,7,6,1,0,10,2017
1610,7,7,1,0,10,2017
1610,7,9,1,0,10,2017
1610,7,10,1,0,10,2017
1611,1,1,1,0,10,2017
1611,1,2,1,0,10,2017
1611,1,3,1,0,10,2017
1611,1,4,1,0,10,2017
1611,1,5,1,0,10,2017
1611,1,6,1,0,10,2017
1611,1,7,1,0,10,2017
1611,1,8,1,0,10,2017
1611,1,9,1,0,10,2017
1611,1,10,1,0,10,2017
1612,2,1,1,0,10,2017
1612,2,2,1,0,10,2017
1612,2,3,1,0,10,2017
1612,2,4,1,0,10,2017
1612,2,5,1,0,10,2017
1612,2,6,1,0,10,2017
1612,2,7,1,0,10,2017
1612,2,8,1,0,10,2017
1612,2,9,1,0,10,2017
1612,2,10,1,0,10,2017
1613,3,1,1,0,11,2017
1613,3,2,1,0,11,2017
1613,3,3,1,0,11,2017
1613,3,4,1,0,11,2017
1613,3,5,1,0,11,2017
1613,3,6,1,0,11,2017
1613,3,7,1,0,11,2017
1613,3,8,1,0,11,2017
1613,3,9,1,0,11,2017
1613,3,10,1,0,11,2017
1614,4,1,1,0,11,2017
1614,4,2,1,0,11,2017
1614,4,3,1,0,11,2017
1614,4,4,1,0,11,2017
1614,4,5,1,0,11,2017
1614,4,6,1,0,11,2017
1614,4,7,1,0,11,2017
1614,4,8,1,0,11,2017
1614,4,9,1,0,11,2017
1614,4,10,1,0,11,2017
1615,5,1,1,0,11,2017
1615,5,2,1,0,11,2017
1615,5,3,1,0,11,2017
1615,5,4,1,0,11,2017
1615,5,5,1,0,11,2017
1615,5,6,1,0,11,2017
1615,5,7,1,0,11,2017
1615,5,8,1,0,11,2017
1615,5,9,1,0,11,2017
1615,5,10,1,0,11,2017
1616,6,1,1,0,11,2017
1616,6,2,1,0,11,2017
1616,6,3,1,0,11,2017
1616,6,4,1,0,11,2017
1616,6,5,1,0,11,2017
1616,6,6,1,0,11,2017
1616,6,7,1,0,11,2017
1616,6,8,1,0,11,2017
1616,6,9,1,0,11,2017
1616,6,10,1,0,11,2017
1617,7,1,1,0,11,2017
1617,7,4,1,0,11,2017
1617,7,5,1,0,11,2017
1617,7,7,1,0,11,2017
1617,7,9,1,0,11,2017
1617,7,10,1,0,11,2017
1618,1,1,1,0,11,2017
1618,1,2,1,0,11,2017
1618,1,3,1,0,11,2017
1618,1,4,1,0,11,2017
1618,1,5,1,0,11,2017
1618,1,6,1,0,11,2017
1618,1,7,1,0,11,2017
1618,1,8,1,0,11,2017
1618,1,9,1,0,11,2017
1618,1,10,1,0,11,2017
1619,2,1,1,0,11,2017
1619,2,2,1,0,11,2017
1619,2,3,1,0,11,2017
1619,2,4,1,0,11,2017
1619,2,5,1,0,11,2017
1619,2,6,1,0,11,2017
1619,2,7,1,0,11,2017
1619,2,8,1,0,11,2017
1619,2,9,1,0,11,2017
1619,2,10,1,0,11,2017
1620,3,1,1,0,11,2017
1620,3,2,1,0,11,2017
1620,3,3,1,0,11,2017
1620,3,4,1,0,11,2017
1620,3,5,1,0,11,2017
1620,3,6,1,0,11,2017
1620,3,7,1,0,11,2017
1620,3,8,1,0,11,2017
1620,3,9,1,0,11,2017
1620,3,10,1,0,11,2017
1621,4,1,1,0,11,2017
1621,4,2,1,0,11,2017
1621,4,3,1,0,11,2017
1621,4,4,1,0,11,2017
1621,4,5,1,0,11,2017
1621,4,6,1,0,11,2017
1621,4,7,1,0,11,2017
1621,4,8,1,0,11,2017
1621,4,9,1,0,11,2017
1621,4,10,1,0,11,2017
1622,5,1,1,0,11,2017
1622,5,2,1,0,11,2017
1622,5,3,1,0,11,2017
1622,5,4,1,0,11,2017
1622,5,5,1,0,11,2017
1622,5,6,1,0,11,2017
1622,5,7,1,0,11,2017
1622,5,8,1,0,11,2017
1622,5,9,1,0,11,2017
1622,5,10,1,0,11,2017
1623,6,1,1,0,11,2017
1623,6,2,1,0,11,2017
1623,6,3,1,0,11,2017
1623,6,4,1,0,11,2017
1623,6,5,1,0,11,2017
1623,6,6,1,0,11,2017
1623,6,7,1,0,11,2017
1623,6,8,1,0,11,2017
1623,6,9,1,0,11,2017
1623,6,10,1,0,11,2017
1624,7,1,1,0,11,2017
1624,7,4,1,0,11,2017
1624,7,9,1,0,11,2017
1624,7,10,1,0,11,2017
1625,1,1,1,0,11,2017
1625,1,2,1,0,11,2017
1625,1,3,1,0,11,2017
1625,1,4,1,0,11,2017
1625,1,5,1,0,11,2017
1625,1,6,1,0,11,2017
1625,1,7,1,0,11,2017
1625,1,8,1,0,11,2017
1625,1,9,1,0,11,2017
1625,1,10,1,0,11,2017
1626,2,1,1,0,11,2017
1626,2,2,1,0,11,2017
1626,2,3,1,0,11,2017
1626,2,4,1,0,11,2017
1626,2,5,1,0,11,2017
1626,2,6,1,0,11,2017
1626,2,7,1,0,11,2017
1626,2,8,1,0,11,2017
1626,2,9,1,0,11,2017
1626,2,10,1,0,11,2017
1627,3,1,1,0,11,2017
1627,3,2,1,0,11,2017
1627,3,3,1,0,11,2017
1627,3,4,1,0,11,2017
1627,3,5,1,0,11,2017
1627,3,6,1,0,11,2017
1627,3,7,1,0,11,2017
1627,3,8,1,0,11,2017
1627,3,9,1,0,11,2017
1627,3,10,1,0,11,2017
1628,4,1,1,0,11,2017
1628,4,2,1,0,11,2017
1628,4,3,1,0,11,2017
1628,4,4,1,0,11,2017
1628,4,5,1,0,11,2017
1628,4,6,1,0,11,2017
1628,4,7,1,0,11,2017
1628,4,8,1,0,11,2017
1628,4,9,1,0,11,2017
1628,4,10,1,0,11,2017
1629,5,1,1,0,11,2017
1629,5,2,1,0,11,2017
1629,5,3,1,0,11,2017
1629,5,4,1,0,11,2017
1629,5,5,1,0,11,2017
1629,5,6,1,0,11,2017
1629,5,7,1,0,11,2017
1629,5,8,1,0,11,2017
1629,5,9,1,0,11,2017
1629,5,10,1,0,11,2017
1630,6,1,1,0,11,2017
1630,6,2,1,0,11,2017
1630,6,4,1,0,11,2017
1630,6,5,1,0,11,2017
1630,6,6,1,0,11,2017
1630,6,7,1,0,11,2017
1630,6,8,1,0,11,2017
1630,6,9,1,0,11,2017
1630,6,10,1,0,11,2017
1631,7,9,1,0,11,2017
1632,1,1,1,0,11,2017
1632,1,2,1,0,11,2017
1632,1,3,1,0,11,2017
1632,1,4,1,0,11,2017
1632,1,5,1,0,11,2017
1632,1,6,1,0,11,2017
1632,1,7,1,0,11,2017
1632,1,8,1,0,11,2017
1632,1,9,1,0,11,2017
1632,1,10,1,0,11,2017
1633,2,1,1,0,11,2017
1633,2,2,1,0,11,2017
1633,2,3,1,0,11,2017
1633,2,4,1,0,11,2017
1633,2,5,1,0,11,2017
1633,2,6,1,0,11,2017
1633,2,7,1,0,11,2017
1633,2,8,1,0,11,2017
1633,2,9,1,0,11,2017
1633,2,10,1,0,11,2017
1634,3,1,1,0,11,2017
1634,3,2,1,0,11,2017
1634,3,3,1,0,11,2017
1634,3,4,1,0,11,2017
1634,3,5,1,0,11,2017
1634,3,6,1,0,11,2017
1634,3,7,1,0,11,2017
1634,3,8,1,0,11,2017
1634,3,9,1,0,11,2017
1634,3,10,1,0,11,2017
1635,4,1,1,0,11,2017
1635,4,2,1,0,11,2017
1635,4,3,1,0,11,2017
1635,4,4,1,0,11,2017
1635,4,5,1,0,11,2017
1635,4,6,1,0,11,2017
1635,4,7,1,0,11,2017
1635,4,8,1,0,11,2017
1635,4,9,1,0,11,2017
1635,4,10,1,0,11,2017
1636,5,1,1,0,11,2017
1636,5,2,1,0,11,2017
1636,5,3,1,0,11,2017
1636,5,4,1,0,11,2017
1636,5,5,1,0,11,2017
1636,5,6,1,0,11,2017
1636,5,7,1,0,11,2017
1636,5,8,1,0,11,2017
1636,5,9,1,0,11,2017
1636,5,10,1,0,11,2017
1637,6,1,1,0,11,2017
1637,6,2,1,0,11,2017
1637,6,3,1,0,11,2017
1637,6,4,1,0,11,2017
1637,6,5,1,0,11,2017
1637,6,6,1,0,11,2017
1637,6,7,1,0,11,2017
1637,6,8,1,0,11,2017
1637,6,9,1,0,11,2017
1637,6,10,1,0,11,2017
1638,7,1,1,0,11,2017
1638,7,2,1,0,11,2017
1638,7,3,1,0,11,2017
1638,7,6,1,0,11,2017
1638,7,9,1,0,11,2017
1639,1,1,1,0,11,2017
1639,1,2,1,0,11,2017
1639,1,3,1,0,11,2017
1639,1,4,1,0,11,2017
1639,1,5,1,0,11,2017
1639,1,6,1,0,11,2017
1639,1,7,1,0,11,2017
1639,1,8,1,0,11,2017
1639,1,9,1,0,11,2017
1639,1,10,1,0,11,2017
1640,2,1,1,0,11,2017
1640,2,2,1,0,11,2017
1640,2,3,1,0,11,2017
1640,2,4,1,0,11,2017
1640,2,5,1,0,11,2017
1640,2,6,1,0,11,2017
1640,2,7,1,0,11,2017
1640,2,8,1,0,11,2017
1640,2,9,1,0,11,2017
1640,2,10,1,0,11,2017
